,source_1_rowkeys,source_2_rowkeys,source_1_rec_ids,source_2_rec_ids,is_match
0,1,10,84,84,1
1,1,257,84,84,1
2,1,270,84,84,1
3,1,289,84,84,1
4,1,351,84,84,1
5,1,365,84,84,1
6,1,462,84,84,1
7,1,485,84,84,1
8,2,76,141,141,1
9,3,135,18,18,1
10,4,297,136,136,1
11,5,161,54,54,1
12,6,433,14,14,1
13,6,471,14,14,1
14,6,489,14,14,1
15,7,135,18,18,1
16,8,9,72,72,1
17,8,30,72,72,1
18,8,79,72,72,1
19,8,97,72,72,1
20,8,168,72,72,1
21,8,237,72,72,1
22,8,269,72,72,1
23,8,295,72,72,1
24,8,303,72,72,1
25,8,407,72,72,1
26,9,172,766,766,1
27,9,287,766,766,1
28,9,459,766,766,1
29,10,105,182,182,1
30,11,101,37,37,1
31,11,225,37,37,1
32,12,175,17,17,1
33,15,135,18,18,1
34,17,180,165,165,1
35,17,241,165,165,1
36,18,105,182,182,1
37,19,115,86,86,1
38,19,393,86,86,1
39,21,500,61,61,1
40,22,83,16,16,1
41,22,156,16,16,1
42,22,326,16,16,1
43,22,332,16,16,1
44,22,340,16,16,1
45,25,65,0,0,1
46,25,144,0,0,1
47,25,163,0,0,1
48,26,135,18,18,1
49,27,398,160,160,1
50,28,414,660,660,1
51,30,32,878,878,1
52,31,28,125,125,1
53,31,99,125,125,1
54,31,117,125,125,1
55,31,143,125,125,1
56,31,277,125,125,1
57,31,431,125,125,1
58,32,180,165,165,1
59,32,241,165,165,1
60,33,414,660,660,1
61,34,422,23,23,1
62,36,297,136,136,1
63,37,325,238,238,1
64,37,408,238,238,1
65,37,466,238,238,1
66,38,500,61,61,1
67,39,21,85,85,1
68,39,24,85,85,1
69,39,58,85,85,1
70,39,114,85,85,1
71,39,142,85,85,1
72,39,442,85,85,1
73,39,475,85,85,1
74,40,135,18,18,1
75,41,43,31,31,1
76,41,90,31,31,1
77,41,93,31,31,1
78,41,107,31,31,1
79,41,254,31,31,1
80,41,271,31,31,1
81,41,425,31,31,1
82,42,116,11,11,1
83,42,118,11,11,1
84,42,153,11,11,1
85,44,88,228,228,1
86,44,108,228,228,1
87,44,130,228,228,1
88,44,304,228,228,1
89,44,338,228,228,1
90,46,421,26,26,1
91,47,105,182,182,1
92,48,116,11,11,1
93,48,118,11,11,1
94,48,153,11,11,1
95,49,188,659,659,1
96,50,162,208,208,1
97,50,183,208,208,1
98,50,186,208,208,1
99,50,420,208,208,1
100,50,457,208,208,1
101,51,18,927,927,1
102,51,38,927,927,1
103,53,65,0,0,1
104,53,144,0,0,1
105,53,163,0,0,1
106,57,297,136,136,1
107,58,348,940,940,1
108,60,182,162,162,1
109,62,516,270,270,1
110,63,87,1724,1724,1
111,63,379,1724,1724,1
112,64,135,18,18,1
113,65,4,83,83,1
114,65,69,83,83,1
115,65,134,83,83,1
116,65,187,83,83,1
117,65,189,83,83,1
118,65,242,83,83,1
119,65,359,83,83,1
120,65,385,83,83,1
121,67,50,189,189,1
122,68,43,31,31,1
123,68,90,31,31,1
124,68,93,31,31,1
125,68,107,31,31,1
126,68,254,31,31,1
127,68,271,31,31,1
128,68,425,31,31,1
129,69,4,83,83,1
130,69,69,83,83,1
131,69,134,83,83,1
132,69,187,83,83,1
133,69,189,83,83,1
134,69,242,83,83,1
135,69,359,83,83,1
136,69,385,83,83,1
137,70,282,415,415,1
138,71,184,64,64,1
139,71,280,64,64,1
140,71,510,64,64,1
141,72,115,86,86,1
142,72,393,86,86,1
143,75,83,16,16,1
144,75,156,16,16,1
145,75,326,16,16,1
146,75,332,16,16,1
147,75,340,16,16,1
148,76,32,878,878,1
149,80,115,86,86,1
150,80,393,86,86,1
151,81,56,98,98,1
152,81,63,98,98,1
153,81,80,98,98,1
154,81,355,98,98,1
155,81,415,98,98,1
156,81,446,98,98,1
157,82,18,927,927,1
158,82,38,927,927,1
159,83,56,98,98,1
160,83,63,98,98,1
161,83,80,98,98,1
162,83,355,98,98,1
163,83,415,98,98,1
164,83,446,98,98,1
165,84,83,16,16,1
166,84,156,16,16,1
167,84,326,16,16,1
168,84,332,16,16,1
169,84,340,16,16,1
170,87,18,927,927,1
171,87,38,927,927,1
172,89,87,1724,1724,1
173,89,379,1724,1724,1
174,91,204,910,910,1
175,93,87,1724,1724,1
176,93,379,1724,1724,1
177,94,116,11,11,1
178,94,118,11,11,1
179,94,153,11,11,1
180,95,311,118,118,1
181,96,264,36,36,1
182,96,308,36,36,1
183,98,409,126,126,1
184,99,177,198,198,1
185,99,294,198,198,1
186,101,4,83,83,1
187,101,69,83,83,1
188,101,134,83,83,1
189,101,187,83,83,1
190,101,189,83,83,1
191,101,242,83,83,1
192,101,359,83,83,1
193,101,385,83,83,1
194,102,56,98,98,1
195,102,63,98,98,1
196,102,80,98,98,1
197,102,355,98,98,1
198,102,415,98,98,1
199,102,446,98,98,1
200,103,306,34,34,1
201,105,21,85,85,1
202,105,24,85,85,1
203,105,58,85,85,1
204,105,114,85,85,1
205,105,142,85,85,1
206,105,442,85,85,1
207,105,475,85,85,1
208,107,100,624,624,1
209,108,298,195,195,1
210,109,200,113,113,1
211,111,210,67,67,1
212,111,305,67,67,1
213,111,451,67,67,1
214,112,6,1680,1680,1
215,116,87,1724,1724,1
216,116,379,1724,1724,1
217,117,306,34,34,1
218,118,177,198,198,1
219,118,294,198,198,1
220,119,421,26,26,1
221,121,210,67,67,1
222,121,305,67,67,1
223,121,451,67,67,1
224,122,10,84,84,1
225,122,257,84,84,1
226,122,270,84,84,1
227,122,289,84,84,1
228,122,351,84,84,1
229,122,365,84,84,1
230,122,462,84,84,1
231,122,485,84,84,1
232,123,76,141,141,1
233,125,21,85,85,1
234,125,24,85,85,1
235,125,58,85,85,1
236,125,114,85,85,1
237,125,142,85,85,1
238,125,442,85,85,1
239,125,475,85,85,1
240,126,151,675,675,1
241,126,384,675,675,1
242,127,15,199,199,1
243,127,59,199,199,1
244,127,92,199,199,1
245,127,266,199,199,1
246,130,232,174,174,1
247,131,180,165,165,1
248,131,241,165,165,1
249,133,14,654,654,1
250,135,339,135,135,1
251,136,122,143,143,1
252,137,35,269,269,1
253,137,252,269,269,1
254,137,353,269,269,1
255,139,2,230,230,1
256,139,440,230,230,1
257,139,497,230,230,1
258,140,421,26,26,1
259,141,352,925,925,1
260,142,138,215,215,1
261,142,211,215,215,1
262,143,213,147,147,1
263,144,135,18,18,1
264,146,172,766,766,1
265,146,287,766,766,1
266,146,459,766,766,1
267,147,115,86,86,1
268,147,393,86,86,1
269,150,65,0,0,1
270,150,144,0,0,1
271,150,163,0,0,1
272,151,4,83,83,1
273,151,69,83,83,1
274,151,134,83,83,1
275,151,187,83,83,1
276,151,189,83,83,1
277,151,242,83,83,1
278,151,359,83,83,1
279,151,385,83,83,1
280,152,311,118,118,1
281,155,172,766,766,1
282,155,287,766,766,1
283,155,459,766,766,1
284,157,356,892,892,1
285,158,352,925,925,1
286,160,83,16,16,1
287,160,156,16,16,1
288,160,326,16,16,1
289,160,332,16,16,1
290,160,340,16,16,1
291,162,414,660,660,1
292,163,184,64,64,1
293,163,280,64,64,1
294,163,510,64,64,1
295,164,447,187,187,1
296,168,188,659,659,1
297,170,321,506,506,1
298,171,264,36,36,1
299,171,308,36,36,1
300,172,282,415,415,1
301,173,352,925,925,1
302,176,174,142,142,1
303,179,188,659,659,1
304,180,177,198,198,1
305,180,294,198,198,1
306,181,275,106,106,1
307,182,135,18,18,1
308,183,115,86,86,1
309,183,393,86,86,1
310,184,179,80,80,1
311,185,28,125,125,1
312,185,99,125,125,1
313,185,117,125,125,1
314,185,143,125,125,1
315,185,277,125,125,1
316,185,431,125,125,1
317,186,311,118,118,1
318,190,162,208,208,1
319,190,183,208,208,1
320,190,186,208,208,1
321,190,420,208,208,1
322,190,457,208,208,1
323,194,200,113,113,1
324,196,209,43,43,1
325,196,468,43,43,1
326,197,101,37,37,1
327,197,225,37,37,1
328,199,356,892,892,1
329,200,243,109,109,1
330,201,336,124,124,1
331,204,478,350,350,1
332,205,329,377,377,1
333,206,311,118,118,1
334,209,177,198,198,1
335,209,294,198,198,1
336,210,18,927,927,1
337,210,38,927,927,1
338,211,232,174,174,1
