,record_compared_1,record_compared_2,recId,recId,is_match
0,5f3ba61f3fd5b671b220151f,5f3ba61e3fd5b671b2200459,153,153,1
1,5f3ba6203fd5b671b22031e2,5f3ba61e3fd5b671b2200459,153,153,1
2,5f3ba6203fd5b671b22037e8,5f3ba61e3fd5b671b2200459,153,153,1
3,5f3ba61f3fd5b671b2201702,5f3ba61e3fd5b671b2200459,153,153,1
4,5f3ba6203fd5b671b2202c9e,5f3ba61e3fd5b671b2200459,153,153,1
5,5f3ba61f3fd5b671b2201c37,5f3ba61e3fd5b671b2200459,153,153,1
6,5f3ba6203fd5b671b2202831,5f3ba61e3fd5b671b2200459,153,153,1
7,5f3ba61f3fd5b671b2201a80,5f3ba61e3fd5b671b2200459,153,153,1
8,5f3ba6203fd5b671b22026a1,5f3ba61e3fd5b671b2200459,153,153,1
9,5f3ba6213fd5b671b2203c13,5f3ba61e3fd5b671b2200459,153,153,1
10,5f3ba6213fd5b671b2204a8d,5f3ba61e3fd5b671b2200459,153,153,1
11,5f3ba6203fd5b671b2203156,5f3ba61e3fd5b671b2200459,153,153,1
12,5f3ba6213fd5b671b220451a,5f3ba61e3fd5b671b2200459,153,153,1
13,5f3ba6203fd5b671b2203451,5f3ba61e3fd5b671b2200459,153,153,1
14,5f3ba6203fd5b671b220380e,5f3ba61e3fd5b671b2200459,153,153,1
15,5f3ba6203fd5b671b2203350,5f3ba61e3fd5b671b2200459,153,153,1
16,5f3ba6203fd5b671b220379a,5f3ba61e3fd5b671b2200459,153,153,1
17,5f3ba61f3fd5b671b22019a6,5f3ba61e3fd5b671b2200459,153,153,1
18,5f3ba61f3fd5b671b2201bb1,5f3ba61e3fd5b671b2200459,153,153,1
19,5f3ba6203fd5b671b2203801,5f3ba61e3fd5b671b2200459,153,153,1
20,5f3ba6203fd5b671b22033ea,5f3ba61e3fd5b671b2200459,153,153,1
21,5f3ba6213fd5b671b2204388,5f3ba61e3fd5b671b2200459,153,153,1
22,5f3ba61f3fd5b671b2201521,5f3ba61e3fd5b671b2200411,331,331,1
23,5f3ba6203fd5b671b22036bd,5f3ba61e3fd5b671b2200411,331,331,1
24,5f3ba6203fd5b671b220387f,5f3ba61e3fd5b671b2200411,331,331,1
25,5f3ba61f3fd5b671b2201543,5f3ba61e3fd5b671b2200425,41,41,1
26,5f3ba6203fd5b671b22022fd,5f3ba61e3fd5b671b2200425,41,41,1
27,5f3ba61f3fd5b671b2202087,5f3ba61e3fd5b671b2200425,41,41,1
28,5f3ba6203fd5b671b2202c73,5f3ba61e3fd5b671b2200425,41,41,1
29,5f3ba6213fd5b671b22046fc,5f3ba61e3fd5b671b2200425,41,41,1
30,5f3ba61f3fd5b671b2201bf0,5f3ba61e3fd5b671b2200425,41,41,1
31,5f3ba61f3fd5b671b2201582,5f3ba61e3fd5b671b22003f6,22,22,1
32,5f3ba61f3fd5b671b2201582,5f3ba61e3fd5b671b22003e9,22,22,1
33,5f3ba6213fd5b671b2203cdc,5f3ba61e3fd5b671b22003f6,22,22,1
34,5f3ba6213fd5b671b2203cdc,5f3ba61e3fd5b671b22003e9,22,22,1
35,5f3ba6203fd5b671b2202992,5f3ba61e3fd5b671b22003f6,22,22,1
36,5f3ba6203fd5b671b2202992,5f3ba61e3fd5b671b22003e9,22,22,1
37,5f3ba61f3fd5b671b2201c10,5f3ba61e3fd5b671b22003f6,22,22,1
38,5f3ba61f3fd5b671b2201c10,5f3ba61e3fd5b671b22003e9,22,22,1
39,5f3ba6203fd5b671b220271a,5f3ba61e3fd5b671b22003f6,22,22,1
40,5f3ba6203fd5b671b220271a,5f3ba61e3fd5b671b22003e9,22,22,1
41,5f3ba6203fd5b671b220335c,5f3ba61e3fd5b671b22003f6,22,22,1
42,5f3ba6203fd5b671b220335c,5f3ba61e3fd5b671b22003e9,22,22,1
43,5f3ba6213fd5b671b220474c,5f3ba61e3fd5b671b22003f6,22,22,1
44,5f3ba6213fd5b671b220474c,5f3ba61e3fd5b671b22003e9,22,22,1
45,5f3ba61f3fd5b671b2201936,5f3ba61e3fd5b671b22003f6,22,22,1
46,5f3ba61f3fd5b671b2201936,5f3ba61e3fd5b671b22003e9,22,22,1
47,5f3ba6213fd5b671b2203949,5f3ba61e3fd5b671b22003f6,22,22,1
48,5f3ba6213fd5b671b2203949,5f3ba61e3fd5b671b22003e9,22,22,1
49,5f3ba61f3fd5b671b2201937,5f3ba61e3fd5b671b22003f6,22,22,1
50,5f3ba61f3fd5b671b2201937,5f3ba61e3fd5b671b22003e9,22,22,1
51,5f3ba61f3fd5b671b2201cf5,5f3ba61e3fd5b671b22003f6,22,22,1
52,5f3ba61f3fd5b671b2201cf5,5f3ba61e3fd5b671b22003e9,22,22,1
53,5f3ba6203fd5b671b2203325,5f3ba61e3fd5b671b22003f6,22,22,1
54,5f3ba6203fd5b671b2203325,5f3ba61e3fd5b671b22003e9,22,22,1
55,5f3ba6213fd5b671b22040cb,5f3ba61e3fd5b671b22003f6,22,22,1
56,5f3ba6213fd5b671b22040cb,5f3ba61e3fd5b671b22003e9,22,22,1
57,5f3ba6213fd5b671b2204418,5f3ba61e3fd5b671b22003f6,22,22,1
58,5f3ba6213fd5b671b2204418,5f3ba61e3fd5b671b22003e9,22,22,1
59,5f3ba6213fd5b671b2204401,5f3ba61e3fd5b671b22003f6,22,22,1
60,5f3ba6213fd5b671b2204401,5f3ba61e3fd5b671b22003e9,22,22,1
61,5f3ba61f3fd5b671b220174d,5f3ba61e3fd5b671b22003fa,80,80,1
62,5f3ba61f3fd5b671b220174d,5f3ba61e3fd5b671b220045a,80,80,1
63,5f3ba61f3fd5b671b2201be4,5f3ba61e3fd5b671b22003fa,80,80,1
64,5f3ba61f3fd5b671b2201be4,5f3ba61e3fd5b671b220045a,80,80,1
65,5f3ba6213fd5b671b2203989,5f3ba61e3fd5b671b22003fa,80,80,1
66,5f3ba6213fd5b671b2203989,5f3ba61e3fd5b671b220045a,80,80,1
67,5f3ba6213fd5b671b2203f1e,5f3ba61e3fd5b671b22003fa,80,80,1
68,5f3ba6213fd5b671b2203f1e,5f3ba61e3fd5b671b220045a,80,80,1
69,5f3ba61f3fd5b671b220189e,5f3ba61e3fd5b671b22003fa,80,80,1
70,5f3ba61f3fd5b671b220189e,5f3ba61e3fd5b671b220045a,80,80,1
71,5f3ba6203fd5b671b2202db1,5f3ba61e3fd5b671b22003fa,80,80,1
72,5f3ba6203fd5b671b2202db1,5f3ba61e3fd5b671b220045a,80,80,1
73,5f3ba61f3fd5b671b2201b5b,5f3ba61e3fd5b671b22003fa,80,80,1
74,5f3ba61f3fd5b671b2201b5b,5f3ba61e3fd5b671b220045a,80,80,1
75,5f3ba61f3fd5b671b2201c2e,5f3ba61e3fd5b671b22003fa,80,80,1
76,5f3ba61f3fd5b671b2201c2e,5f3ba61e3fd5b671b220045a,80,80,1
77,5f3ba6203fd5b671b220336f,5f3ba61e3fd5b671b22003fa,80,80,1
78,5f3ba6203fd5b671b220336f,5f3ba61e3fd5b671b220045a,80,80,1
79,5f3ba6213fd5b671b220442b,5f3ba61e3fd5b671b22003fa,80,80,1
80,5f3ba6213fd5b671b220442b,5f3ba61e3fd5b671b220045a,80,80,1
81,5f3ba6203fd5b671b2202c1f,5f3ba61e3fd5b671b22003fa,80,80,1
82,5f3ba6203fd5b671b2202c1f,5f3ba61e3fd5b671b220045a,80,80,1
83,5f3ba6213fd5b671b2204369,5f3ba61e3fd5b671b22003fa,80,80,1
84,5f3ba6213fd5b671b2204369,5f3ba61e3fd5b671b220045a,80,80,1
85,5f3ba6203fd5b671b22032dc,5f3ba61e3fd5b671b22003fa,80,80,1
86,5f3ba6203fd5b671b22032dc,5f3ba61e3fd5b671b220045a,80,80,1
87,5f3ba6213fd5b671b2204aad,5f3ba61e3fd5b671b22003fa,80,80,1
88,5f3ba6213fd5b671b2204aad,5f3ba61e3fd5b671b220045a,80,80,1
89,5f3ba6213fd5b671b22043f7,5f3ba61e3fd5b671b22003fa,80,80,1
90,5f3ba6213fd5b671b22043f7,5f3ba61e3fd5b671b220045a,80,80,1
91,5f3ba6213fd5b671b2204a6a,5f3ba61e3fd5b671b22003fa,80,80,1
92,5f3ba6213fd5b671b2204a6a,5f3ba61e3fd5b671b220045a,80,80,1
93,5f3ba6213fd5b671b2203f81,5f3ba61e3fd5b671b22003fa,80,80,1
94,5f3ba6213fd5b671b2203f81,5f3ba61e3fd5b671b220045a,80,80,1
95,5f3ba6203fd5b671b22032fc,5f3ba61e3fd5b671b22003fa,80,80,1
96,5f3ba6203fd5b671b22032fc,5f3ba61e3fd5b671b220045a,80,80,1
97,5f3ba6203fd5b671b220375e,5f3ba61e3fd5b671b22003fa,80,80,1
98,5f3ba6203fd5b671b220375e,5f3ba61e3fd5b671b220045a,80,80,1
99,5f3ba6213fd5b671b2203cc2,5f3ba61e3fd5b671b22003fa,80,80,1
100,5f3ba6213fd5b671b2203cc2,5f3ba61e3fd5b671b220045a,80,80,1
101,5f3ba6213fd5b671b22044bb,5f3ba61e3fd5b671b22003fa,80,80,1
102,5f3ba6213fd5b671b22044bb,5f3ba61e3fd5b671b220045a,80,80,1
103,5f3ba6203fd5b671b22030f8,5f3ba61e3fd5b671b22003fa,80,80,1
104,5f3ba6203fd5b671b22030f8,5f3ba61e3fd5b671b220045a,80,80,1
105,5f3ba6203fd5b671b22023fc,5f3ba61e3fd5b671b22003fa,80,80,1
106,5f3ba6203fd5b671b22023fc,5f3ba61e3fd5b671b220045a,80,80,1
107,5f3ba6203fd5b671b2202466,5f3ba61e3fd5b671b22003fa,80,80,1
108,5f3ba6203fd5b671b2202466,5f3ba61e3fd5b671b220045a,80,80,1
109,5f3ba61f3fd5b671b2201791,5f3ba61e3fd5b671b22003a6,313,313,1
110,5f3ba6213fd5b671b22041bf,5f3ba61e3fd5b671b22003a6,313,313,1
111,5f3ba6203fd5b671b2202896,5f3ba61e3fd5b671b22003a6,313,313,1
112,5f3ba6213fd5b671b2203f78,5f3ba61e3fd5b671b22003a6,313,313,1
113,5f3ba61f3fd5b671b220193c,5f3ba61e3fd5b671b22003a6,313,313,1
114,5f3ba6203fd5b671b220241e,5f3ba61e3fd5b671b22003a6,313,313,1
115,5f3ba6203fd5b671b2202136,5f3ba61e3fd5b671b22003a6,313,313,1
116,5f3ba6203fd5b671b2202fd1,5f3ba61e3fd5b671b22003a6,313,313,1
117,5f3ba6213fd5b671b2203d48,5f3ba61e3fd5b671b22003a6,313,313,1
118,5f3ba6203fd5b671b2203649,5f3ba61e3fd5b671b22003a6,313,313,1
119,5f3ba6213fd5b671b2203b8a,5f3ba61e3fd5b671b22003a6,313,313,1
120,5f3ba61f3fd5b671b2201c6d,5f3ba61e3fd5b671b22003a6,313,313,1
121,5f3ba6213fd5b671b2203d13,5f3ba61e3fd5b671b22003a6,313,313,1
122,5f3ba6213fd5b671b220420a,5f3ba61e3fd5b671b22003a6,313,313,1
123,5f3ba61f3fd5b671b220152c,5f3ba61e3fd5b671b22003a6,313,313,1
124,5f3ba61f3fd5b671b22017c0,5f3ba61e3fd5b671b22003f7,100,100,1
125,5f3ba6203fd5b671b2203298,5f3ba61e3fd5b671b22003f7,100,100,1
126,5f3ba61f3fd5b671b2201f3e,5f3ba61e3fd5b671b22003f7,100,100,1
127,5f3ba6203fd5b671b22030cf,5f3ba61e3fd5b671b22003f7,100,100,1
128,5f3ba61f3fd5b671b2201863,5f3ba61e3fd5b671b22003f7,100,100,1
129,5f3ba6213fd5b671b2203de2,5f3ba61e3fd5b671b22003f7,100,100,1
130,5f3ba61f3fd5b671b2201842,5f3ba61e3fd5b671b2200450,839,839,1
131,5f3ba6213fd5b671b22041e7,5f3ba61e3fd5b671b2200450,839,839,1
132,5f3ba6213fd5b671b2204544,5f3ba61e3fd5b671b2200450,839,839,1
133,5f3ba6203fd5b671b220218d,5f3ba61e3fd5b671b2200450,839,839,1
134,5f3ba6203fd5b671b22032ca,5f3ba61e3fd5b671b2200450,839,839,1
135,5f3ba61f3fd5b671b220190e,5f3ba61e3fd5b671b220043a,326,326,1
136,5f3ba61f3fd5b671b2201ee2,5f3ba61e3fd5b671b220043a,326,326,1
137,5f3ba6203fd5b671b22022f2,5f3ba61e3fd5b671b220043a,326,326,1
138,5f3ba6203fd5b671b22024b1,5f3ba61e3fd5b671b220043a,326,326,1
139,5f3ba6203fd5b671b2202e10,5f3ba61e3fd5b671b220043a,326,326,1
140,5f3ba6213fd5b671b2203a80,5f3ba61e3fd5b671b220043a,326,326,1
141,5f3ba61f3fd5b671b2201868,5f3ba61e3fd5b671b220043a,326,326,1
142,5f3ba61f3fd5b671b2201963,5f3ba61e3fd5b671b220043a,326,326,1
143,5f3ba6203fd5b671b220350d,5f3ba61e3fd5b671b220043a,326,326,1
144,5f3ba61f3fd5b671b22018b7,5f3ba61e3fd5b671b220043a,326,326,1
145,5f3ba61f3fd5b671b2201a93,5f3ba61e3fd5b671b220043a,326,326,1
146,5f3ba61f3fd5b671b2201e17,5f3ba61e3fd5b671b220043a,326,326,1
147,5f3ba61f3fd5b671b2201f45,5f3ba61e3fd5b671b220043a,326,326,1
148,5f3ba6213fd5b671b22045ba,5f3ba61e3fd5b671b220043a,326,326,1
149,5f3ba6213fd5b671b22048a8,5f3ba61e3fd5b671b220043a,326,326,1
150,5f3ba6203fd5b671b22030db,5f3ba61e3fd5b671b220043a,326,326,1
151,5f3ba6203fd5b671b2203206,5f3ba61e3fd5b671b220043a,326,326,1
152,5f3ba6213fd5b671b2203dda,5f3ba61e3fd5b671b220043a,326,326,1
153,5f3ba6213fd5b671b22041b0,5f3ba61e3fd5b671b220043a,326,326,1
154,5f3ba6213fd5b671b220425b,5f3ba61e3fd5b671b220043a,326,326,1
155,5f3ba61f3fd5b671b220172e,5f3ba61e3fd5b671b220043a,326,326,1
156,5f3ba6203fd5b671b22020e8,5f3ba61e3fd5b671b220043a,326,326,1
157,5f3ba6203fd5b671b2202425,5f3ba61e3fd5b671b220043a,326,326,1
158,5f3ba6203fd5b671b22025cb,5f3ba61e3fd5b671b220043a,326,326,1
159,5f3ba6213fd5b671b22049a6,5f3ba61e3fd5b671b220043a,326,326,1
160,5f3ba6203fd5b671b2202937,5f3ba61e3fd5b671b220043a,326,326,1
161,5f3ba6203fd5b671b22037b2,5f3ba61e3fd5b671b220043a,326,326,1
162,5f3ba61f3fd5b671b2201fe1,5f3ba61e3fd5b671b220043a,326,326,1
163,5f3ba6203fd5b671b2202428,5f3ba61e3fd5b671b220043a,326,326,1
164,5f3ba6203fd5b671b22028b0,5f3ba61e3fd5b671b220043a,326,326,1
165,5f3ba6213fd5b671b2204673,5f3ba61e3fd5b671b220043a,326,326,1
166,5f3ba6213fd5b671b22046fb,5f3ba61e3fd5b671b220043a,326,326,1
167,5f3ba6213fd5b671b220499c,5f3ba61e3fd5b671b220043a,326,326,1
168,5f3ba61f3fd5b671b2201e8a,5f3ba61e3fd5b671b220043a,326,326,1
169,5f3ba6203fd5b671b2202d38,5f3ba61e3fd5b671b220043a,326,326,1
170,5f3ba6213fd5b671b2204431,5f3ba61e3fd5b671b220043a,326,326,1
171,5f3ba61f3fd5b671b2201a16,5f3ba61e3fd5b671b220043a,326,326,1
172,5f3ba6203fd5b671b2202c45,5f3ba61e3fd5b671b220043a,326,326,1
173,5f3ba6203fd5b671b220350b,5f3ba61e3fd5b671b220043a,326,326,1
174,5f3ba6213fd5b671b2204b2d,5f3ba61e3fd5b671b220043a,326,326,1
175,5f3ba61f3fd5b671b22019e0,5f3ba61e3fd5b671b22003cd,1173,1173,1
176,5f3ba61f3fd5b671b2201de7,5f3ba61e3fd5b671b22003cd,1173,1173,1
177,5f3ba61f3fd5b671b2201ed6,5f3ba61e3fd5b671b22003cd,1173,1173,1
178,5f3ba6203fd5b671b2202e35,5f3ba61e3fd5b671b22003cd,1173,1173,1
179,5f3ba6203fd5b671b2203574,5f3ba61e3fd5b671b22003cd,1173,1173,1
180,5f3ba6203fd5b671b2202b59,5f3ba61e3fd5b671b22003cd,1173,1173,1
181,5f3ba6213fd5b671b2204a01,5f3ba61e3fd5b671b22003cd,1173,1173,1
182,5f3ba61f3fd5b671b2201941,5f3ba61e3fd5b671b22003cd,1173,1173,1
183,5f3ba6203fd5b671b2202df6,5f3ba61e3fd5b671b22003cd,1173,1173,1
184,5f3ba6203fd5b671b2203807,5f3ba61e3fd5b671b22003cd,1173,1173,1
185,5f3ba6203fd5b671b220245e,5f3ba61e3fd5b671b22003cd,1173,1173,1
186,5f3ba6213fd5b671b2204274,5f3ba61e3fd5b671b22003cd,1173,1173,1
187,5f3ba6213fd5b671b22047a8,5f3ba61e3fd5b671b22003cd,1173,1173,1
188,5f3ba61f3fd5b671b2201a7e,5f3ba61e3fd5b671b22003cd,1173,1173,1
189,5f3ba6213fd5b671b22044df,5f3ba61e3fd5b671b22003cd,1173,1173,1
190,5f3ba61f3fd5b671b220156e,5f3ba61e3fd5b671b22003cd,1173,1173,1
191,5f3ba61f3fd5b671b2201a90,5f3ba61e3fd5b671b22003b5,76,76,1
192,5f3ba61f3fd5b671b2201a90,5f3ba61e3fd5b671b22003d9,76,76,1
193,5f3ba61f3fd5b671b2201a90,5f3ba61e3fd5b671b220041e,76,76,1
194,5f3ba6213fd5b671b220407a,5f3ba61e3fd5b671b22003b5,76,76,1
195,5f3ba6213fd5b671b220407a,5f3ba61e3fd5b671b22003d9,76,76,1
196,5f3ba6213fd5b671b220407a,5f3ba61e3fd5b671b220041e,76,76,1
197,5f3ba6213fd5b671b22044a3,5f3ba61e3fd5b671b22003b5,76,76,1
198,5f3ba6213fd5b671b22044a3,5f3ba61e3fd5b671b22003d9,76,76,1
199,5f3ba6213fd5b671b22044a3,5f3ba61e3fd5b671b220041e,76,76,1
200,5f3ba6213fd5b671b2204a17,5f3ba61e3fd5b671b22003b5,76,76,1
201,5f3ba6213fd5b671b2204a17,5f3ba61e3fd5b671b22003d9,76,76,1
202,5f3ba6213fd5b671b2204a17,5f3ba61e3fd5b671b220041e,76,76,1
203,5f3ba6213fd5b671b2203f5a,5f3ba61e3fd5b671b22003b5,76,76,1
204,5f3ba6213fd5b671b2203f5a,5f3ba61e3fd5b671b22003d9,76,76,1
205,5f3ba6213fd5b671b2203f5a,5f3ba61e3fd5b671b220041e,76,76,1
206,5f3ba6213fd5b671b2204a1f,5f3ba61e3fd5b671b22003b5,76,76,1
207,5f3ba6213fd5b671b2204a1f,5f3ba61e3fd5b671b22003d9,76,76,1
208,5f3ba6213fd5b671b2204a1f,5f3ba61e3fd5b671b220041e,76,76,1
209,5f3ba6213fd5b671b2203a1d,5f3ba61e3fd5b671b22003b5,76,76,1
210,5f3ba6213fd5b671b2203a1d,5f3ba61e3fd5b671b22003d9,76,76,1
211,5f3ba6213fd5b671b2203a1d,5f3ba61e3fd5b671b220041e,76,76,1
212,5f3ba6203fd5b671b220320b,5f3ba61e3fd5b671b22003b5,76,76,1
213,5f3ba6203fd5b671b220320b,5f3ba61e3fd5b671b22003d9,76,76,1
214,5f3ba6203fd5b671b220320b,5f3ba61e3fd5b671b220041e,76,76,1
215,5f3ba61f3fd5b671b2201e2d,5f3ba61e3fd5b671b22003b5,76,76,1
216,5f3ba61f3fd5b671b2201e2d,5f3ba61e3fd5b671b22003d9,76,76,1
217,5f3ba61f3fd5b671b2201e2d,5f3ba61e3fd5b671b220041e,76,76,1
218,5f3ba6213fd5b671b2203fd9,5f3ba61e3fd5b671b22003b5,76,76,1
219,5f3ba6213fd5b671b2203fd9,5f3ba61e3fd5b671b22003d9,76,76,1
220,5f3ba6213fd5b671b2203fd9,5f3ba61e3fd5b671b220041e,76,76,1
221,5f3ba6213fd5b671b22043d7,5f3ba61e3fd5b671b22003b5,76,76,1
222,5f3ba6213fd5b671b22043d7,5f3ba61e3fd5b671b22003d9,76,76,1
223,5f3ba6213fd5b671b22043d7,5f3ba61e3fd5b671b220041e,76,76,1
224,5f3ba6213fd5b671b22048d7,5f3ba61e3fd5b671b22003b5,76,76,1
225,5f3ba6213fd5b671b22048d7,5f3ba61e3fd5b671b22003d9,76,76,1
226,5f3ba6213fd5b671b22048d7,5f3ba61e3fd5b671b220041e,76,76,1
227,5f3ba61f3fd5b671b2201c5f,5f3ba61e3fd5b671b22003c0,634,634,1
228,5f3ba6213fd5b671b2204618,5f3ba61e3fd5b671b22003c0,634,634,1
229,5f3ba61f3fd5b671b2201d6d,5f3ba61e3fd5b671b22003c0,634,634,1
230,5f3ba6213fd5b671b22039c6,5f3ba61e3fd5b671b22003c0,634,634,1
231,5f3ba6213fd5b671b2203e50,5f3ba61e3fd5b671b22003c0,634,634,1
232,5f3ba6203fd5b671b2202107,5f3ba61e3fd5b671b22003c0,634,634,1
233,5f3ba6203fd5b671b2202ad0,5f3ba61e3fd5b671b22003c0,634,634,1
234,5f3ba6213fd5b671b22044e1,5f3ba61e3fd5b671b22003c0,634,634,1
235,5f3ba6213fd5b671b220454b,5f3ba61e3fd5b671b22003c0,634,634,1
236,5f3ba6203fd5b671b22027bf,5f3ba61e3fd5b671b22003c0,634,634,1
237,5f3ba61f3fd5b671b2201c66,5f3ba61e3fd5b671b2200401,177,177,1
238,5f3ba6203fd5b671b22030c9,5f3ba61e3fd5b671b2200401,177,177,1
239,5f3ba61f3fd5b671b2201fff,5f3ba61e3fd5b671b2200401,177,177,1
240,5f3ba6213fd5b671b2204308,5f3ba61e3fd5b671b2200401,177,177,1
241,5f3ba61f3fd5b671b22019c0,5f3ba61e3fd5b671b2200401,177,177,1
242,5f3ba6213fd5b671b22043f9,5f3ba61e3fd5b671b2200401,177,177,1
243,5f3ba6213fd5b671b2204b8e,5f3ba61e3fd5b671b2200401,177,177,1
244,5f3ba61f3fd5b671b2201ff7,5f3ba61e3fd5b671b2200401,177,177,1
245,5f3ba6213fd5b671b2204182,5f3ba61e3fd5b671b2200401,177,177,1
246,5f3ba61f3fd5b671b22017bc,5f3ba61e3fd5b671b2200401,177,177,1
247,5f3ba6213fd5b671b2203d31,5f3ba61e3fd5b671b2200401,177,177,1
248,5f3ba61f3fd5b671b2201fce,5f3ba61e3fd5b671b2200401,177,177,1
249,5f3ba61f3fd5b671b22017f1,5f3ba61e3fd5b671b2200401,177,177,1
250,5f3ba6213fd5b671b22044e4,5f3ba61e3fd5b671b2200401,177,177,1
251,5f3ba61f3fd5b671b2201ddf,5f3ba61e3fd5b671b2200401,177,177,1
252,5f3ba61f3fd5b671b2201fde,5f3ba61e3fd5b671b2200401,177,177,1
253,5f3ba6203fd5b671b22034d1,5f3ba61e3fd5b671b2200401,177,177,1
254,5f3ba6203fd5b671b220275a,5f3ba61e3fd5b671b2200401,177,177,1
255,5f3ba6203fd5b671b22030d2,5f3ba61e3fd5b671b2200401,177,177,1
256,5f3ba61f3fd5b671b2201d92,5f3ba61e3fd5b671b2200408,656,656,1
257,5f3ba61f3fd5b671b22015d6,5f3ba61e3fd5b671b2200408,656,656,1
258,5f3ba6203fd5b671b2203635,5f3ba61e3fd5b671b2200408,656,656,1
259,5f3ba6203fd5b671b22025aa,5f3ba61e3fd5b671b2200408,656,656,1
260,5f3ba6213fd5b671b2203cb7,5f3ba61e3fd5b671b2200408,656,656,1
261,5f3ba6213fd5b671b2204b46,5f3ba61e3fd5b671b2200408,656,656,1
262,5f3ba6203fd5b671b220277a,5f3ba61e3fd5b671b2200408,656,656,1
263,5f3ba6203fd5b671b22029f6,5f3ba61e3fd5b671b2200408,656,656,1
264,5f3ba6213fd5b671b2204021,5f3ba61e3fd5b671b2200408,656,656,1
265,5f3ba6203fd5b671b22021a8,5f3ba61e3fd5b671b2200408,656,656,1
266,5f3ba6203fd5b671b220284c,5f3ba61e3fd5b671b2200408,656,656,1
267,5f3ba6203fd5b671b220235f,5f3ba61e3fd5b671b2200408,656,656,1
268,5f3ba6203fd5b671b22033a2,5f3ba61e3fd5b671b2200408,656,656,1
269,5f3ba6203fd5b671b220372d,5f3ba61e3fd5b671b2200408,656,656,1
270,5f3ba61f3fd5b671b2201b0e,5f3ba61e3fd5b671b2200408,656,656,1
271,5f3ba6203fd5b671b22031ae,5f3ba61e3fd5b671b2200408,656,656,1
272,5f3ba6203fd5b671b22030a9,5f3ba61e3fd5b671b2200408,656,656,1
273,5f3ba6203fd5b671b22024b4,5f3ba61e3fd5b671b2200408,656,656,1
274,5f3ba6203fd5b671b22036a3,5f3ba61e3fd5b671b2200408,656,656,1
275,5f3ba6203fd5b671b22035b7,5f3ba61e3fd5b671b2200408,656,656,1
276,5f3ba6203fd5b671b2203806,5f3ba61e3fd5b671b2200408,656,656,1
277,5f3ba61f3fd5b671b2201ef3,5f3ba61e3fd5b671b2200420,29,29,1
278,5f3ba6213fd5b671b2204bf0,5f3ba61e3fd5b671b2200420,29,29,1
279,5f3ba6203fd5b671b2203723,5f3ba61e3fd5b671b2200420,29,29,1
280,5f3ba61f3fd5b671b2201fb3,5f3ba61e3fd5b671b2200420,29,29,1
281,5f3ba61f3fd5b671b2202046,5f3ba61e3fd5b671b2200420,29,29,1
282,5f3ba6203fd5b671b22027cb,5f3ba61e3fd5b671b2200420,29,29,1
283,5f3ba6203fd5b671b22030c5,5f3ba61e3fd5b671b2200420,29,29,1
284,5f3ba61f3fd5b671b2202033,5f3ba61e3fd5b671b220044f,979,979,1
285,5f3ba6203fd5b671b22021cb,5f3ba61e3fd5b671b220044f,979,979,1
286,5f3ba6203fd5b671b22025e8,5f3ba61e3fd5b671b220044f,979,979,1
287,5f3ba6203fd5b671b220229c,5f3ba61e3fd5b671b220044f,979,979,1
288,5f3ba6213fd5b671b220432d,5f3ba61e3fd5b671b220044f,979,979,1
289,5f3ba61f3fd5b671b2201af3,5f3ba61e3fd5b671b220044f,979,979,1
290,5f3ba6203fd5b671b220339f,5f3ba61e3fd5b671b220044f,979,979,1
291,5f3ba6203fd5b671b220246b,5f3ba61e3fd5b671b220044f,979,979,1
292,5f3ba6203fd5b671b2202659,5f3ba61e3fd5b671b220044f,979,979,1
293,5f3ba6213fd5b671b2204c80,5f3ba61e3fd5b671b220044f,979,979,1
294,5f3ba6203fd5b671b22030b2,5f3ba61e3fd5b671b220044f,979,979,1
295,5f3ba6213fd5b671b2204962,5f3ba61e3fd5b671b220044f,979,979,1
296,5f3ba61f3fd5b671b2202041,5f3ba61e3fd5b671b220044f,979,979,1
297,5f3ba6203fd5b671b22023d8,5f3ba61e3fd5b671b220044f,979,979,1
298,5f3ba6203fd5b671b2202396,5f3ba61e3fd5b671b220044f,979,979,1
299,5f3ba6203fd5b671b2202fdd,5f3ba61e3fd5b671b220044f,979,979,1
300,5f3ba6203fd5b671b2203180,5f3ba61e3fd5b671b220044f,979,979,1
301,5f3ba61f3fd5b671b220207f,5f3ba61e3fd5b671b220040d,673,673,1
302,5f3ba6203fd5b671b22034ab,5f3ba61e3fd5b671b220040d,673,673,1
303,5f3ba6213fd5b671b2204615,5f3ba61e3fd5b671b220040d,673,673,1
304,5f3ba6203fd5b671b22023a6,5f3ba61e3fd5b671b220044c,213,213,1
305,5f3ba6213fd5b671b22041ab,5f3ba61e3fd5b671b220044c,213,213,1
306,5f3ba6213fd5b671b220489e,5f3ba61e3fd5b671b220044c,213,213,1
307,5f3ba6203fd5b671b2203589,5f3ba61e3fd5b671b220044c,213,213,1
308,5f3ba6203fd5b671b220293b,5f3ba61e3fd5b671b220044c,213,213,1
309,5f3ba6203fd5b671b2202f11,5f3ba61e3fd5b671b220044c,213,213,1
310,5f3ba6203fd5b671b220362e,5f3ba61e3fd5b671b220044c,213,213,1
311,5f3ba6213fd5b671b22042cc,5f3ba61e3fd5b671b220044c,213,213,1
312,5f3ba6203fd5b671b2202635,5f3ba61e3fd5b671b220043c,105,105,1
313,5f3ba6213fd5b671b22047c5,5f3ba61e3fd5b671b220043c,105,105,1
314,5f3ba61f3fd5b671b2201a4f,5f3ba61e3fd5b671b220043c,105,105,1
315,5f3ba6203fd5b671b22031fd,5f3ba61e3fd5b671b220043c,105,105,1
316,5f3ba6213fd5b671b220478b,5f3ba61e3fd5b671b220043c,105,105,1
317,5f3ba6213fd5b671b2204bde,5f3ba61e3fd5b671b220043c,105,105,1
318,5f3ba6203fd5b671b2202269,5f3ba61e3fd5b671b220043c,105,105,1
319,5f3ba6203fd5b671b2202fa5,5f3ba61e3fd5b671b220043c,105,105,1
320,5f3ba61f3fd5b671b2201579,5f3ba61e3fd5b671b220043c,105,105,1
321,5f3ba6213fd5b671b2204482,5f3ba61e3fd5b671b220043c,105,105,1
322,5f3ba6213fd5b671b2204b99,5f3ba61e3fd5b671b220043c,105,105,1
323,5f3ba6213fd5b671b2204c29,5f3ba61e3fd5b671b220043c,105,105,1
324,5f3ba6203fd5b671b22033ae,5f3ba61e3fd5b671b220043c,105,105,1
325,5f3ba6203fd5b671b2203563,5f3ba61e3fd5b671b220043c,105,105,1
326,5f3ba6213fd5b671b2203a22,5f3ba61e3fd5b671b220043c,105,105,1
327,5f3ba6213fd5b671b2203a2a,5f3ba61e3fd5b671b220043c,105,105,1
328,5f3ba61f3fd5b671b2201a17,5f3ba61e3fd5b671b220043c,105,105,1
329,5f3ba61f3fd5b671b2201c2a,5f3ba61e3fd5b671b220043c,105,105,1
330,5f3ba6203fd5b671b2202e8b,5f3ba61e3fd5b671b220043c,105,105,1
331,5f3ba6213fd5b671b2204ae9,5f3ba61e3fd5b671b220043c,105,105,1
332,5f3ba6203fd5b671b220348d,5f3ba61e3fd5b671b220043c,105,105,1
333,5f3ba6213fd5b671b2204675,5f3ba61e3fd5b671b220043c,105,105,1
334,5f3ba6213fd5b671b2204b91,5f3ba61e3fd5b671b220043c,105,105,1
335,5f3ba6203fd5b671b2202683,5f3ba61e3fd5b671b22003e8,170,170,1
336,5f3ba6203fd5b671b2202683,5f3ba61e3fd5b671b2200412,170,170,1
337,5f3ba6203fd5b671b220252f,5f3ba61e3fd5b671b22003e8,170,170,1
338,5f3ba6203fd5b671b220252f,5f3ba61e3fd5b671b2200412,170,170,1
339,5f3ba6213fd5b671b2204407,5f3ba61e3fd5b671b22003e8,170,170,1
340,5f3ba6213fd5b671b2204407,5f3ba61e3fd5b671b2200412,170,170,1
341,5f3ba6213fd5b671b2203b05,5f3ba61e3fd5b671b22003e8,170,170,1
342,5f3ba6213fd5b671b2203b05,5f3ba61e3fd5b671b2200412,170,170,1
343,5f3ba6213fd5b671b2203d0a,5f3ba61e3fd5b671b22003e8,170,170,1
344,5f3ba6213fd5b671b2203d0a,5f3ba61e3fd5b671b2200412,170,170,1
345,5f3ba6213fd5b671b2203d0e,5f3ba61e3fd5b671b22003e8,170,170,1
346,5f3ba6213fd5b671b2203d0e,5f3ba61e3fd5b671b2200412,170,170,1
347,5f3ba61f3fd5b671b220181f,5f3ba61e3fd5b671b22003e8,170,170,1
348,5f3ba61f3fd5b671b220181f,5f3ba61e3fd5b671b2200412,170,170,1
349,5f3ba6203fd5b671b2202c25,5f3ba61e3fd5b671b22003e8,170,170,1
350,5f3ba6203fd5b671b2202c25,5f3ba61e3fd5b671b2200412,170,170,1
351,5f3ba61f3fd5b671b2201853,5f3ba61e3fd5b671b22003e8,170,170,1
352,5f3ba61f3fd5b671b2201853,5f3ba61e3fd5b671b2200412,170,170,1
353,5f3ba6203fd5b671b22026bc,5f3ba61e3fd5b671b2200426,173,173,1
354,5f3ba6203fd5b671b2202bcb,5f3ba61e3fd5b671b2200426,173,173,1
355,5f3ba6203fd5b671b2203555,5f3ba61e3fd5b671b2200426,173,173,1
356,5f3ba6203fd5b671b2202d0a,5f3ba61e3fd5b671b2200426,173,173,1
357,5f3ba6203fd5b671b22026e5,5f3ba61e3fd5b671b2200407,154,154,1
358,5f3ba6203fd5b671b22033b3,5f3ba61e3fd5b671b2200407,154,154,1
359,5f3ba6213fd5b671b2204a22,5f3ba61e3fd5b671b2200407,154,154,1
360,5f3ba6203fd5b671b2202311,5f3ba61e3fd5b671b2200407,154,154,1
361,5f3ba6213fd5b671b2203c12,5f3ba61e3fd5b671b2200407,154,154,1
362,5f3ba6213fd5b671b2204709,5f3ba61e3fd5b671b2200407,154,154,1
363,5f3ba6203fd5b671b22030e9,5f3ba61e3fd5b671b2200407,154,154,1
364,5f3ba61f3fd5b671b22017fd,5f3ba61e3fd5b671b2200407,154,154,1
365,5f3ba6203fd5b671b220292a,5f3ba61e3fd5b671b2200407,154,154,1
366,5f3ba6213fd5b671b22047a1,5f3ba61e3fd5b671b2200407,154,154,1
367,5f3ba61f3fd5b671b2201eb6,5f3ba61e3fd5b671b2200407,154,154,1
368,5f3ba6203fd5b671b220332f,5f3ba61e3fd5b671b2200407,154,154,1
369,5f3ba6213fd5b671b2204133,5f3ba61e3fd5b671b2200407,154,154,1
370,5f3ba6213fd5b671b2204464,5f3ba61e3fd5b671b2200407,154,154,1
371,5f3ba61f3fd5b671b2201ae2,5f3ba61e3fd5b671b2200407,154,154,1
372,5f3ba6203fd5b671b2203636,5f3ba61e3fd5b671b2200407,154,154,1
373,5f3ba61f3fd5b671b2201b57,5f3ba61e3fd5b671b2200407,154,154,1
374,5f3ba6203fd5b671b2202af6,5f3ba61e3fd5b671b2200407,154,154,1
375,5f3ba6203fd5b671b22026fe,5f3ba61e3fd5b671b22003cc,186,186,1
376,5f3ba6213fd5b671b22042d9,5f3ba61e3fd5b671b22003cc,186,186,1
377,5f3ba6213fd5b671b2203f9b,5f3ba61e3fd5b671b22003cc,186,186,1
378,5f3ba6213fd5b671b2203e60,5f3ba61e3fd5b671b22003cc,186,186,1
379,5f3ba6213fd5b671b22045fa,5f3ba61e3fd5b671b22003cc,186,186,1
380,5f3ba61f3fd5b671b2201fb1,5f3ba61e3fd5b671b22003cc,186,186,1
381,5f3ba6213fd5b671b2203b55,5f3ba61e3fd5b671b22003cc,186,186,1
382,5f3ba6213fd5b671b2203f7e,5f3ba61e3fd5b671b22003cc,186,186,1
383,5f3ba6213fd5b671b2203d94,5f3ba61e3fd5b671b22003cc,186,186,1
384,5f3ba61f3fd5b671b2201d70,5f3ba61e3fd5b671b22003cc,186,186,1
385,5f3ba6203fd5b671b22023c8,5f3ba61e3fd5b671b22003cc,186,186,1
386,5f3ba6203fd5b671b2203070,5f3ba61e3fd5b671b22003cc,186,186,1
387,5f3ba6213fd5b671b2204ade,5f3ba61e3fd5b671b22003cc,186,186,1
388,5f3ba6203fd5b671b220272b,5f3ba61e3fd5b671b2200434,136,136,1
389,5f3ba6203fd5b671b220272b,5f3ba61e3fd5b671b22003ec,136,136,1
390,5f3ba6203fd5b671b220272b,5f3ba61e3fd5b671b2200431,136,136,1
391,5f3ba6213fd5b671b2203cf3,5f3ba61e3fd5b671b2200434,136,136,1
392,5f3ba6213fd5b671b2203cf3,5f3ba61e3fd5b671b22003ec,136,136,1
393,5f3ba6213fd5b671b2203cf3,5f3ba61e3fd5b671b2200431,136,136,1
394,5f3ba6213fd5b671b2203a5f,5f3ba61e3fd5b671b2200434,136,136,1
395,5f3ba6213fd5b671b2203a5f,5f3ba61e3fd5b671b22003ec,136,136,1
396,5f3ba6213fd5b671b2203a5f,5f3ba61e3fd5b671b2200431,136,136,1
397,5f3ba6203fd5b671b22026eb,5f3ba61e3fd5b671b2200434,136,136,1
398,5f3ba6203fd5b671b22026eb,5f3ba61e3fd5b671b22003ec,136,136,1
399,5f3ba6203fd5b671b22026eb,5f3ba61e3fd5b671b2200431,136,136,1
400,5f3ba6203fd5b671b220286d,5f3ba61e3fd5b671b2200434,136,136,1
401,5f3ba6203fd5b671b220286d,5f3ba61e3fd5b671b22003ec,136,136,1
402,5f3ba6203fd5b671b220286d,5f3ba61e3fd5b671b2200431,136,136,1
403,5f3ba6203fd5b671b220384c,5f3ba61e3fd5b671b2200434,136,136,1
404,5f3ba6203fd5b671b220384c,5f3ba61e3fd5b671b22003ec,136,136,1
405,5f3ba6203fd5b671b220384c,5f3ba61e3fd5b671b2200431,136,136,1
406,5f3ba6213fd5b671b2203b41,5f3ba61e3fd5b671b2200434,136,136,1
407,5f3ba6213fd5b671b2203b41,5f3ba61e3fd5b671b22003ec,136,136,1
408,5f3ba6213fd5b671b2203b41,5f3ba61e3fd5b671b2200431,136,136,1
409,5f3ba6203fd5b671b2202811,5f3ba61e3fd5b671b22003b2,910,910,1
410,5f3ba6203fd5b671b2202811,5f3ba61e3fd5b671b2200405,910,910,1
411,5f3ba6203fd5b671b2202b07,5f3ba61e3fd5b671b22003b2,910,910,1
412,5f3ba6203fd5b671b2202b07,5f3ba61e3fd5b671b2200405,910,910,1
413,5f3ba6203fd5b671b22036c5,5f3ba61e3fd5b671b22003b2,910,910,1
414,5f3ba6203fd5b671b22036c5,5f3ba61e3fd5b671b2200405,910,910,1
415,5f3ba6203fd5b671b220319d,5f3ba61e3fd5b671b22003b2,910,910,1
416,5f3ba6203fd5b671b220319d,5f3ba61e3fd5b671b2200405,910,910,1
417,5f3ba6213fd5b671b2204058,5f3ba61e3fd5b671b22003b2,910,910,1
418,5f3ba6213fd5b671b2204058,5f3ba61e3fd5b671b2200405,910,910,1
419,5f3ba61f3fd5b671b22019ae,5f3ba61e3fd5b671b22003b2,910,910,1
420,5f3ba61f3fd5b671b22019ae,5f3ba61e3fd5b671b2200405,910,910,1
421,5f3ba61f3fd5b671b2201da9,5f3ba61e3fd5b671b22003b2,910,910,1
422,5f3ba61f3fd5b671b2201da9,5f3ba61e3fd5b671b2200405,910,910,1
423,5f3ba61f3fd5b671b2201f0a,5f3ba61e3fd5b671b22003b2,910,910,1
424,5f3ba61f3fd5b671b2201f0a,5f3ba61e3fd5b671b2200405,910,910,1
425,5f3ba6203fd5b671b2202275,5f3ba61e3fd5b671b22003b2,910,910,1
426,5f3ba6203fd5b671b2202275,5f3ba61e3fd5b671b2200405,910,910,1
427,5f3ba61f3fd5b671b2201735,5f3ba61e3fd5b671b22003b2,910,910,1
428,5f3ba61f3fd5b671b2201735,5f3ba61e3fd5b671b2200405,910,910,1
429,5f3ba61f3fd5b671b22017a5,5f3ba61e3fd5b671b22003b2,910,910,1
430,5f3ba61f3fd5b671b22017a5,5f3ba61e3fd5b671b2200405,910,910,1
431,5f3ba61f3fd5b671b2201c95,5f3ba61e3fd5b671b22003b2,910,910,1
432,5f3ba61f3fd5b671b2201c95,5f3ba61e3fd5b671b2200405,910,910,1
433,5f3ba6203fd5b671b220211d,5f3ba61e3fd5b671b22003b2,910,910,1
434,5f3ba6203fd5b671b220211d,5f3ba61e3fd5b671b2200405,910,910,1
435,5f3ba6213fd5b671b2203e1f,5f3ba61e3fd5b671b22003b2,910,910,1
436,5f3ba6213fd5b671b2203e1f,5f3ba61e3fd5b671b2200405,910,910,1
437,5f3ba6213fd5b671b2203cfa,5f3ba61e3fd5b671b22003b2,910,910,1
438,5f3ba6213fd5b671b2203cfa,5f3ba61e3fd5b671b2200405,910,910,1
439,5f3ba6213fd5b671b220412c,5f3ba61e3fd5b671b22003b2,910,910,1
440,5f3ba6213fd5b671b220412c,5f3ba61e3fd5b671b2200405,910,910,1
441,5f3ba6203fd5b671b2202e4a,5f3ba61e3fd5b671b22003b2,910,910,1
442,5f3ba6203fd5b671b2202e4a,5f3ba61e3fd5b671b2200405,910,910,1
443,5f3ba6213fd5b671b2203d89,5f3ba61e3fd5b671b22003b2,910,910,1
444,5f3ba6213fd5b671b2203d89,5f3ba61e3fd5b671b2200405,910,910,1
445,5f3ba61f3fd5b671b2201c1a,5f3ba61e3fd5b671b22003b2,910,910,1
446,5f3ba61f3fd5b671b2201c1a,5f3ba61e3fd5b671b2200405,910,910,1
447,5f3ba6213fd5b671b2204928,5f3ba61e3fd5b671b22003b2,910,910,1
448,5f3ba6213fd5b671b2204928,5f3ba61e3fd5b671b2200405,910,910,1
449,5f3ba61f3fd5b671b22019b6,5f3ba61e3fd5b671b22003b2,910,910,1
450,5f3ba61f3fd5b671b22019b6,5f3ba61e3fd5b671b2200405,910,910,1
451,5f3ba6213fd5b671b220446c,5f3ba61e3fd5b671b22003b2,910,910,1
452,5f3ba6213fd5b671b220446c,5f3ba61e3fd5b671b2200405,910,910,1
453,5f3ba6203fd5b671b2202866,5f3ba61e3fd5b671b2200449,104,104,1
454,5f3ba6203fd5b671b22038ea,5f3ba61e3fd5b671b2200449,104,104,1
455,5f3ba6203fd5b671b22025ec,5f3ba61e3fd5b671b2200449,104,104,1
456,5f3ba6203fd5b671b22037d8,5f3ba61e3fd5b671b2200449,104,104,1
457,5f3ba6213fd5b671b220453f,5f3ba61e3fd5b671b2200449,104,104,1
458,5f3ba6213fd5b671b2203e5a,5f3ba61e3fd5b671b2200449,104,104,1
459,5f3ba6213fd5b671b2203f14,5f3ba61e3fd5b671b2200449,104,104,1
460,5f3ba6203fd5b671b22024b3,5f3ba61e3fd5b671b2200449,104,104,1
461,5f3ba6203fd5b671b22027a3,5f3ba61e3fd5b671b2200449,104,104,1
462,5f3ba6213fd5b671b2204885,5f3ba61e3fd5b671b2200449,104,104,1
463,5f3ba6203fd5b671b220271f,5f3ba61e3fd5b671b2200449,104,104,1
464,5f3ba6203fd5b671b2202988,5f3ba61e3fd5b671b22003e3,168,168,1
465,5f3ba6213fd5b671b22047de,5f3ba61e3fd5b671b22003e3,168,168,1
466,5f3ba6203fd5b671b220384b,5f3ba61e3fd5b671b22003e3,168,168,1
467,5f3ba6203fd5b671b2202a1d,5f3ba61e3fd5b671b22003bb,127,127,1
468,5f3ba6213fd5b671b2204be0,5f3ba61e3fd5b671b22003bb,127,127,1
469,5f3ba6213fd5b671b22042f7,5f3ba61e3fd5b671b22003bb,127,127,1
470,5f3ba6203fd5b671b2202a26,5f3ba61e3fd5b671b2200432,7,7,1
471,5f3ba6213fd5b671b22049bc,5f3ba61e3fd5b671b2200432,7,7,1
472,5f3ba6203fd5b671b2202d48,5f3ba61e3fd5b671b2200432,7,7,1
473,5f3ba6213fd5b671b2204546,5f3ba61e3fd5b671b2200432,7,7,1
474,5f3ba6203fd5b671b2202bb2,5f3ba61e3fd5b671b22003e4,187,187,1
475,5f3ba6203fd5b671b2202e8c,5f3ba61e3fd5b671b22003e4,187,187,1
476,5f3ba6203fd5b671b22035e6,5f3ba61e3fd5b671b22003e4,187,187,1
477,5f3ba6213fd5b671b2204b4c,5f3ba61e3fd5b671b22003e4,187,187,1
478,5f3ba6203fd5b671b2202d69,5f3ba61e3fd5b671b22003e4,187,187,1
479,5f3ba6203fd5b671b2202ece,5f3ba61e3fd5b671b22003e4,187,187,1
480,5f3ba6203fd5b671b2202dc9,5f3ba61e3fd5b671b22003e4,187,187,1
481,5f3ba6213fd5b671b22046a1,5f3ba61e3fd5b671b22003e4,187,187,1
482,5f3ba61f3fd5b671b22018c2,5f3ba61e3fd5b671b22003e4,187,187,1
483,5f3ba6203fd5b671b2202dd1,5f3ba61e3fd5b671b22003e4,187,187,1
484,5f3ba6213fd5b671b2203d35,5f3ba61e3fd5b671b22003e4,187,187,1
485,5f3ba6213fd5b671b22042f6,5f3ba61e3fd5b671b22003e4,187,187,1
486,5f3ba6213fd5b671b2204a6b,5f3ba61e3fd5b671b22003e4,187,187,1
487,5f3ba6213fd5b671b2203f44,5f3ba61e3fd5b671b22003e4,187,187,1
488,5f3ba6213fd5b671b2204694,5f3ba61e3fd5b671b22003e4,187,187,1
489,5f3ba6203fd5b671b22027c6,5f3ba61e3fd5b671b22003e4,187,187,1
490,5f3ba6213fd5b671b2204abb,5f3ba61e3fd5b671b22003e4,187,187,1
491,5f3ba6203fd5b671b2203355,5f3ba61e3fd5b671b22003e4,187,187,1
492,5f3ba6203fd5b671b22037fc,5f3ba61e3fd5b671b22003e4,187,187,1
493,5f3ba6203fd5b671b22030dc,5f3ba61e3fd5b671b22003fd,60,60,1
494,5f3ba6213fd5b671b22039ac,5f3ba61e3fd5b671b22003fd,60,60,1
495,5f3ba6213fd5b671b22046fa,5f3ba61e3fd5b671b22003fd,60,60,1
496,5f3ba6203fd5b671b22030f5,5f3ba61e3fd5b671b22003fd,60,60,1
497,5f3ba6203fd5b671b2203124,5f3ba61e3fd5b671b22003fd,60,60,1
498,5f3ba6203fd5b671b22035e4,5f3ba61e3fd5b671b22003fd,60,60,1
499,5f3ba6203fd5b671b2203670,5f3ba61e3fd5b671b22003fd,60,60,1
500,5f3ba6213fd5b671b2204625,5f3ba61e3fd5b671b22003fd,60,60,1
501,5f3ba6203fd5b671b22024a0,5f3ba61e3fd5b671b22003fd,60,60,1
502,5f3ba6213fd5b671b2204626,5f3ba61e3fd5b671b22003fd,60,60,1
503,5f3ba6203fd5b671b22027d3,5f3ba61e3fd5b671b22003fd,60,60,1
504,5f3ba6203fd5b671b22028cb,5f3ba61e3fd5b671b22003fd,60,60,1
505,5f3ba6203fd5b671b2202c81,5f3ba61e3fd5b671b22003fd,60,60,1
506,5f3ba6203fd5b671b2203163,5f3ba61e3fd5b671b22003fd,60,60,1
507,5f3ba6203fd5b671b22027ef,5f3ba61e3fd5b671b22003fd,60,60,1
508,5f3ba6213fd5b671b2203e16,5f3ba61e3fd5b671b22003fd,60,60,1
509,5f3ba6213fd5b671b2204c19,5f3ba61e3fd5b671b22003fd,60,60,1
510,5f3ba61f3fd5b671b2201a29,5f3ba61e3fd5b671b22003fd,60,60,1
511,5f3ba6203fd5b671b22023ed,5f3ba61e3fd5b671b22003fd,60,60,1
512,5f3ba6213fd5b671b2204800,5f3ba61e3fd5b671b22003fd,60,60,1
513,5f3ba6213fd5b671b2204b5a,5f3ba61e3fd5b671b22003fd,60,60,1
514,5f3ba61f3fd5b671b22014ed,5f3ba61e3fd5b671b22003fd,60,60,1
515,5f3ba6203fd5b671b22020e9,5f3ba61e3fd5b671b22003fd,60,60,1
516,5f3ba6203fd5b671b220337a,5f3ba61e3fd5b671b22003fd,60,60,1
517,5f3ba6213fd5b671b2203966,5f3ba61e3fd5b671b22003fd,60,60,1
518,5f3ba6213fd5b671b2204127,5f3ba61e3fd5b671b22003fd,60,60,1
519,5f3ba61f3fd5b671b2201609,5f3ba61e3fd5b671b22003fd,60,60,1
520,5f3ba6213fd5b671b22041eb,5f3ba61e3fd5b671b22003fd,60,60,1
521,5f3ba6213fd5b671b2204574,5f3ba61e3fd5b671b22003fd,60,60,1
522,5f3ba6203fd5b671b2202b28,5f3ba61e3fd5b671b22003fd,60,60,1
523,5f3ba61f3fd5b671b2201fca,5f3ba61e3fd5b671b22003fd,60,60,1
524,5f3ba6213fd5b671b2204665,5f3ba61e3fd5b671b22003fd,60,60,1
525,5f3ba6203fd5b671b22032c7,5f3ba61e3fd5b671b220043b,660,660,1
526,5f3ba6203fd5b671b22032c7,5f3ba61e3fd5b671b2200421,660,660,1
527,5f3ba6213fd5b671b2204a64,5f3ba61e3fd5b671b220043b,660,660,1
528,5f3ba6213fd5b671b2204a64,5f3ba61e3fd5b671b2200421,660,660,1
529,5f3ba6203fd5b671b22023bf,5f3ba61e3fd5b671b220043b,660,660,1
530,5f3ba6203fd5b671b22023bf,5f3ba61e3fd5b671b2200421,660,660,1
531,5f3ba6213fd5b671b2204c36,5f3ba61e3fd5b671b220043b,660,660,1
532,5f3ba6213fd5b671b2204c36,5f3ba61e3fd5b671b2200421,660,660,1
533,5f3ba6203fd5b671b2202b2a,5f3ba61e3fd5b671b220043b,660,660,1
534,5f3ba6203fd5b671b2202b2a,5f3ba61e3fd5b671b2200421,660,660,1
535,5f3ba6203fd5b671b2202f2d,5f3ba61e3fd5b671b220043b,660,660,1
536,5f3ba6203fd5b671b2202f2d,5f3ba61e3fd5b671b2200421,660,660,1
537,5f3ba6213fd5b671b2204c59,5f3ba61e3fd5b671b220043b,660,660,1
538,5f3ba6213fd5b671b2204c59,5f3ba61e3fd5b671b2200421,660,660,1
539,5f3ba61f3fd5b671b22017d0,5f3ba61e3fd5b671b220043b,660,660,1
540,5f3ba61f3fd5b671b22017d0,5f3ba61e3fd5b671b2200421,660,660,1
541,5f3ba6203fd5b671b22031cc,5f3ba61e3fd5b671b220043b,660,660,1
542,5f3ba6203fd5b671b22031cc,5f3ba61e3fd5b671b2200421,660,660,1
543,5f3ba6203fd5b671b2202c3f,5f3ba61e3fd5b671b220043b,660,660,1
544,5f3ba6203fd5b671b2202c3f,5f3ba61e3fd5b671b2200421,660,660,1
545,5f3ba6213fd5b671b22041de,5f3ba61e3fd5b671b220043b,660,660,1
546,5f3ba6213fd5b671b22041de,5f3ba61e3fd5b671b2200421,660,660,1
547,5f3ba6203fd5b671b2202573,5f3ba61e3fd5b671b220043b,660,660,1
548,5f3ba6203fd5b671b2202573,5f3ba61e3fd5b671b2200421,660,660,1
549,5f3ba6203fd5b671b2202706,5f3ba61e3fd5b671b220043b,660,660,1
550,5f3ba6203fd5b671b2202706,5f3ba61e3fd5b671b2200421,660,660,1
551,5f3ba6213fd5b671b2203f36,5f3ba61e3fd5b671b220043b,660,660,1
552,5f3ba6213fd5b671b2203f36,5f3ba61e3fd5b671b2200421,660,660,1
553,5f3ba6213fd5b671b22049ce,5f3ba61e3fd5b671b220043b,660,660,1
554,5f3ba6213fd5b671b22049ce,5f3ba61e3fd5b671b2200421,660,660,1
555,5f3ba6203fd5b671b22033db,5f3ba61e3fd5b671b2200423,5,5,1
556,5f3ba6213fd5b671b2204179,5f3ba61e3fd5b671b2200423,5,5,1
557,5f3ba6203fd5b671b2202e7a,5f3ba61e3fd5b671b2200423,5,5,1
558,5f3ba6213fd5b671b2204b34,5f3ba61e3fd5b671b2200423,5,5,1
559,5f3ba6203fd5b671b2202f56,5f3ba61e3fd5b671b2200423,5,5,1
560,5f3ba61f3fd5b671b2201c00,5f3ba61e3fd5b671b2200423,5,5,1
561,5f3ba6203fd5b671b2202fce,5f3ba61e3fd5b671b2200423,5,5,1
562,5f3ba6203fd5b671b220260f,5f3ba61e3fd5b671b2200423,5,5,1
563,5f3ba6203fd5b671b220244d,5f3ba61e3fd5b671b2200423,5,5,1
564,5f3ba6203fd5b671b2202181,5f3ba61e3fd5b671b2200423,5,5,1
565,5f3ba6203fd5b671b220219f,5f3ba61e3fd5b671b2200423,5,5,1
566,5f3ba6203fd5b671b2203536,5f3ba61e3fd5b671b22003ed,1009,1009,1
567,5f3ba6213fd5b671b2204c32,5f3ba61e3fd5b671b22003ed,1009,1009,1
568,5f3ba6203fd5b671b2202597,5f3ba61e3fd5b671b22003ed,1009,1009,1
569,5f3ba6213fd5b671b22041e6,5f3ba61e3fd5b671b22003ed,1009,1009,1
570,5f3ba6213fd5b671b22042f0,5f3ba61e3fd5b671b22003ed,1009,1009,1
571,5f3ba6203fd5b671b22023f9,5f3ba61e3fd5b671b22003ed,1009,1009,1
572,5f3ba6213fd5b671b2204c42,5f3ba61e3fd5b671b22003ed,1009,1009,1
573,5f3ba6203fd5b671b2203828,5f3ba61e3fd5b671b22003ed,1009,1009,1
574,5f3ba6203fd5b671b2203546,5f3ba61e3fd5b671b22003e7,212,212,1
575,5f3ba61f3fd5b671b2201f4a,5f3ba61e3fd5b671b22003e7,212,212,1
576,5f3ba6213fd5b671b22039a7,5f3ba61e3fd5b671b22003e7,212,212,1
577,5f3ba6213fd5b671b22042ff,5f3ba61e3fd5b671b22003e7,212,212,1
578,5f3ba6213fd5b671b2204b3e,5f3ba61e3fd5b671b22003e7,212,212,1
579,5f3ba6203fd5b671b220370b,5f3ba61e3fd5b671b2200443,66,66,1
580,5f3ba6203fd5b671b220370b,5f3ba61e3fd5b671b22003ef,66,66,1
581,5f3ba6213fd5b671b2203e93,5f3ba61e3fd5b671b2200443,66,66,1
582,5f3ba6213fd5b671b2203e93,5f3ba61e3fd5b671b22003ef,66,66,1
583,5f3ba6213fd5b671b22047ea,5f3ba61e3fd5b671b2200443,66,66,1
584,5f3ba6213fd5b671b22047ea,5f3ba61e3fd5b671b22003ef,66,66,1
585,5f3ba61f3fd5b671b220203f,5f3ba61e3fd5b671b2200443,66,66,1
586,5f3ba61f3fd5b671b220203f,5f3ba61e3fd5b671b22003ef,66,66,1
587,5f3ba6203fd5b671b220379f,5f3ba61e3fd5b671b2200443,66,66,1
588,5f3ba6203fd5b671b220379f,5f3ba61e3fd5b671b22003ef,66,66,1
589,5f3ba6213fd5b671b2204a0f,5f3ba61e3fd5b671b2200443,66,66,1
590,5f3ba6213fd5b671b2204a0f,5f3ba61e3fd5b671b22003ef,66,66,1
591,5f3ba6203fd5b671b22024eb,5f3ba61e3fd5b671b2200443,66,66,1
592,5f3ba6203fd5b671b22024eb,5f3ba61e3fd5b671b22003ef,66,66,1
593,5f3ba6203fd5b671b2202be7,5f3ba61e3fd5b671b2200443,66,66,1
594,5f3ba6203fd5b671b2202be7,5f3ba61e3fd5b671b22003ef,66,66,1
595,5f3ba6203fd5b671b220334f,5f3ba61e3fd5b671b2200443,66,66,1
596,5f3ba6203fd5b671b220334f,5f3ba61e3fd5b671b22003ef,66,66,1
597,5f3ba61f3fd5b671b2201e7a,5f3ba61e3fd5b671b2200443,66,66,1
598,5f3ba61f3fd5b671b2201e7a,5f3ba61e3fd5b671b22003ef,66,66,1
599,5f3ba6213fd5b671b220396b,5f3ba61e3fd5b671b220043f,81,81,1
600,5f3ba6203fd5b671b22031e4,5f3ba61e3fd5b671b220043f,81,81,1
601,5f3ba6213fd5b671b2203f45,5f3ba61e3fd5b671b220043f,81,81,1
602,5f3ba6203fd5b671b2203409,5f3ba61e3fd5b671b220043f,81,81,1
603,5f3ba61f3fd5b671b2201899,5f3ba61e3fd5b671b220043f,81,81,1
604,5f3ba6203fd5b671b2202be2,5f3ba61e3fd5b671b220043f,81,81,1
605,5f3ba6213fd5b671b22039b6,5f3ba61e3fd5b671b22003ea,118,118,1
606,5f3ba6213fd5b671b22039b6,5f3ba61e3fd5b671b22003c7,118,118,1
607,5f3ba6213fd5b671b2204bc3,5f3ba61e3fd5b671b22003ea,118,118,1
608,5f3ba6213fd5b671b2204bc3,5f3ba61e3fd5b671b22003c7,118,118,1
609,5f3ba6203fd5b671b2203720,5f3ba61e3fd5b671b22003ea,118,118,1
610,5f3ba6203fd5b671b2203720,5f3ba61e3fd5b671b22003c7,118,118,1
611,5f3ba6203fd5b671b2202af3,5f3ba61e3fd5b671b22003ea,118,118,1
612,5f3ba6203fd5b671b2202af3,5f3ba61e3fd5b671b22003c7,118,118,1
613,5f3ba61f3fd5b671b220190b,5f3ba61e3fd5b671b22003ea,118,118,1
614,5f3ba61f3fd5b671b220190b,5f3ba61e3fd5b671b22003c7,118,118,1
615,5f3ba6203fd5b671b220377c,5f3ba61e3fd5b671b22003ea,118,118,1
616,5f3ba6203fd5b671b220377c,5f3ba61e3fd5b671b22003c7,118,118,1
617,5f3ba6203fd5b671b2203134,5f3ba61e3fd5b671b22003ea,118,118,1
618,5f3ba6203fd5b671b2203134,5f3ba61e3fd5b671b22003c7,118,118,1
619,5f3ba6203fd5b671b22037f8,5f3ba61e3fd5b671b22003ea,118,118,1
620,5f3ba6203fd5b671b22037f8,5f3ba61e3fd5b671b22003c7,118,118,1
621,5f3ba6213fd5b671b22039f1,5f3ba61e3fd5b671b22003ea,118,118,1
622,5f3ba6213fd5b671b22039f1,5f3ba61e3fd5b671b22003c7,118,118,1
623,5f3ba6203fd5b671b22028ef,5f3ba61e3fd5b671b22003ea,118,118,1
624,5f3ba6203fd5b671b22028ef,5f3ba61e3fd5b671b22003c7,118,118,1
625,5f3ba6213fd5b671b2203acc,5f3ba61e3fd5b671b22003ea,118,118,1
626,5f3ba6213fd5b671b2203acc,5f3ba61e3fd5b671b22003c7,118,118,1
627,5f3ba6213fd5b671b2203a73,5f3ba61e3fd5b671b22003ea,118,118,1
628,5f3ba6213fd5b671b2203a73,5f3ba61e3fd5b671b22003c7,118,118,1
629,5f3ba61f3fd5b671b2201906,5f3ba61e3fd5b671b22003ea,118,118,1
630,5f3ba61f3fd5b671b2201906,5f3ba61e3fd5b671b22003c7,118,118,1
631,5f3ba6203fd5b671b22022a1,5f3ba61e3fd5b671b22003ea,118,118,1
632,5f3ba6203fd5b671b22022a1,5f3ba61e3fd5b671b22003c7,118,118,1
633,5f3ba6213fd5b671b22039ed,5f3ba61e3fd5b671b22003e2,506,506,1
634,5f3ba6213fd5b671b2204001,5f3ba61e3fd5b671b22003e2,506,506,1
635,5f3ba6203fd5b671b2202e57,5f3ba61e3fd5b671b22003e2,506,506,1
636,5f3ba61f3fd5b671b22018cc,5f3ba61e3fd5b671b22003e2,506,506,1
637,5f3ba61f3fd5b671b2201eb7,5f3ba61e3fd5b671b22003e2,506,506,1
638,5f3ba6203fd5b671b22032d2,5f3ba61e3fd5b671b22003e2,506,506,1
639,5f3ba6213fd5b671b2203a4e,5f3ba61e3fd5b671b22003e2,506,506,1
640,5f3ba6203fd5b671b2202147,5f3ba61e3fd5b671b22003e2,506,506,1
641,5f3ba6213fd5b671b2203ae4,5f3ba61e3fd5b671b22003e2,506,506,1
642,5f3ba6213fd5b671b2203a07,5f3ba61e3fd5b671b220040f,669,669,1
643,5f3ba6213fd5b671b220435d,5f3ba61e3fd5b671b220040f,669,669,1
644,5f3ba6213fd5b671b2204b21,5f3ba61e3fd5b671b220040f,669,669,1
645,5f3ba6203fd5b671b220355c,5f3ba61e3fd5b671b220040f,669,669,1
646,5f3ba6203fd5b671b2202241,5f3ba61e3fd5b671b220040f,669,669,1
647,5f3ba6203fd5b671b2202a96,5f3ba61e3fd5b671b220040f,669,669,1
648,5f3ba6213fd5b671b2204074,5f3ba61e3fd5b671b220040f,669,669,1
649,5f3ba6213fd5b671b22049ac,5f3ba61e3fd5b671b220040f,669,669,1
650,5f3ba6203fd5b671b22038ad,5f3ba61e3fd5b671b220040f,669,669,1
651,5f3ba6203fd5b671b220309b,5f3ba61e3fd5b671b220040f,669,669,1
652,5f3ba6213fd5b671b2204c8c,5f3ba61e3fd5b671b220040f,669,669,1
653,5f3ba6203fd5b671b2202dd6,5f3ba61e3fd5b671b220040f,669,669,1
654,5f3ba6203fd5b671b22032d0,5f3ba61e3fd5b671b220040f,669,669,1
655,5f3ba6203fd5b671b2203685,5f3ba61e3fd5b671b220040f,669,669,1
656,5f3ba6213fd5b671b2203afd,5f3ba61e3fd5b671b22003fc,203,203,1
657,5f3ba61f3fd5b671b22018e4,5f3ba61e3fd5b671b22003fc,203,203,1
658,5f3ba6203fd5b671b220379c,5f3ba61e3fd5b671b22003fc,203,203,1
659,5f3ba61f3fd5b671b2201d66,5f3ba61e3fd5b671b22003fc,203,203,1
660,5f3ba6203fd5b671b2202a1c,5f3ba61e3fd5b671b22003fc,203,203,1
661,5f3ba6203fd5b671b2203697,5f3ba61e3fd5b671b22003fc,203,203,1
662,5f3ba6213fd5b671b2203faa,5f3ba61e3fd5b671b22003fc,203,203,1
663,5f3ba6203fd5b671b2203285,5f3ba61e3fd5b671b22003fc,203,203,1
664,5f3ba6213fd5b671b2203c1d,5f3ba61e3fd5b671b2200400,54,54,1
665,5f3ba6203fd5b671b2202f7e,5f3ba61e3fd5b671b2200400,54,54,1
666,5f3ba6203fd5b671b220301a,5f3ba61e3fd5b671b2200400,54,54,1
667,5f3ba61f3fd5b671b220196f,5f3ba61e3fd5b671b2200400,54,54,1
668,5f3ba61f3fd5b671b2201fc1,5f3ba61e3fd5b671b2200400,54,54,1
669,5f3ba6203fd5b671b2202177,5f3ba61e3fd5b671b2200400,54,54,1
670,5f3ba6213fd5b671b22044a7,5f3ba61e3fd5b671b2200400,54,54,1
671,5f3ba6213fd5b671b220468c,5f3ba61e3fd5b671b2200400,54,54,1
672,5f3ba6203fd5b671b2202253,5f3ba61e3fd5b671b2200400,54,54,1
673,5f3ba6203fd5b671b220335e,5f3ba61e3fd5b671b2200400,54,54,1
674,5f3ba6203fd5b671b2202ebe,5f3ba61e3fd5b671b2200400,54,54,1
675,5f3ba6213fd5b671b2203c46,5f3ba61e3fd5b671b22003f1,659,659,1
676,5f3ba6213fd5b671b2203c46,5f3ba61e3fd5b671b22003f9,659,659,1
677,5f3ba61f3fd5b671b2201c39,5f3ba61e3fd5b671b22003f1,659,659,1
678,5f3ba61f3fd5b671b2201c39,5f3ba61e3fd5b671b22003f9,659,659,1
679,5f3ba6203fd5b671b2202e6d,5f3ba61e3fd5b671b22003f1,659,659,1
680,5f3ba6203fd5b671b2202e6d,5f3ba61e3fd5b671b22003f9,659,659,1
681,5f3ba6203fd5b671b220259f,5f3ba61e3fd5b671b22003f1,659,659,1
682,5f3ba6203fd5b671b220259f,5f3ba61e3fd5b671b22003f9,659,659,1
683,5f3ba6213fd5b671b2204a62,5f3ba61e3fd5b671b22003f1,659,659,1
684,5f3ba6213fd5b671b2204a62,5f3ba61e3fd5b671b22003f9,659,659,1
685,5f3ba6213fd5b671b2204c60,5f3ba61e3fd5b671b22003f1,659,659,1
686,5f3ba6213fd5b671b2204c60,5f3ba61e3fd5b671b22003f9,659,659,1
687,5f3ba61f3fd5b671b2201cfa,5f3ba61e3fd5b671b22003f1,659,659,1
688,5f3ba61f3fd5b671b2201cfa,5f3ba61e3fd5b671b22003f9,659,659,1
689,5f3ba6203fd5b671b2203928,5f3ba61e3fd5b671b22003f1,659,659,1
690,5f3ba6203fd5b671b2203928,5f3ba61e3fd5b671b22003f9,659,659,1
691,5f3ba6213fd5b671b22046ee,5f3ba61e3fd5b671b22003f1,659,659,1
692,5f3ba6213fd5b671b22046ee,5f3ba61e3fd5b671b22003f9,659,659,1
693,5f3ba61f3fd5b671b2201f99,5f3ba61e3fd5b671b22003f1,659,659,1
694,5f3ba61f3fd5b671b2201f99,5f3ba61e3fd5b671b22003f9,659,659,1
695,5f3ba6213fd5b671b2203a5d,5f3ba61e3fd5b671b22003f1,659,659,1
696,5f3ba6213fd5b671b2203a5d,5f3ba61e3fd5b671b22003f9,659,659,1
697,5f3ba61f3fd5b671b2201794,5f3ba61e3fd5b671b22003f1,659,659,1
698,5f3ba61f3fd5b671b2201794,5f3ba61e3fd5b671b22003f9,659,659,1
699,5f3ba6203fd5b671b2202fa9,5f3ba61e3fd5b671b22003f1,659,659,1
700,5f3ba6203fd5b671b2202fa9,5f3ba61e3fd5b671b22003f9,659,659,1
701,5f3ba6203fd5b671b22036c7,5f3ba61e3fd5b671b22003f1,659,659,1
702,5f3ba6203fd5b671b22036c7,5f3ba61e3fd5b671b22003f9,659,659,1
703,5f3ba6213fd5b671b2204410,5f3ba61e3fd5b671b22003f1,659,659,1
704,5f3ba6213fd5b671b2204410,5f3ba61e3fd5b671b22003f9,659,659,1
705,5f3ba6213fd5b671b2203cf4,5f3ba61e3fd5b671b22003d7,163,163,1
706,5f3ba6213fd5b671b2203cf4,5f3ba61e3fd5b671b22003aa,163,163,1
707,5f3ba6213fd5b671b2204213,5f3ba61e3fd5b671b22003d7,163,163,1
708,5f3ba6213fd5b671b2204213,5f3ba61e3fd5b671b22003aa,163,163,1
709,5f3ba61f3fd5b671b2201ab1,5f3ba61e3fd5b671b22003d7,163,163,1
710,5f3ba61f3fd5b671b2201ab1,5f3ba61e3fd5b671b22003aa,163,163,1
711,5f3ba6203fd5b671b220289a,5f3ba61e3fd5b671b22003d7,163,163,1
712,5f3ba6203fd5b671b220289a,5f3ba61e3fd5b671b22003aa,163,163,1
713,5f3ba6203fd5b671b22025a1,5f3ba61e3fd5b671b22003d7,163,163,1
714,5f3ba6203fd5b671b22025a1,5f3ba61e3fd5b671b22003aa,163,163,1
715,5f3ba6213fd5b671b2203fb8,5f3ba61e3fd5b671b22003d7,163,163,1
716,5f3ba6213fd5b671b2203fb8,5f3ba61e3fd5b671b22003aa,163,163,1
717,5f3ba61f3fd5b671b2201be5,5f3ba61e3fd5b671b22003d7,163,163,1
718,5f3ba61f3fd5b671b2201be5,5f3ba61e3fd5b671b22003aa,163,163,1
719,5f3ba6203fd5b671b22025be,5f3ba61e3fd5b671b22003d7,163,163,1
720,5f3ba6203fd5b671b22025be,5f3ba61e3fd5b671b22003aa,163,163,1
721,5f3ba6203fd5b671b22038b2,5f3ba61e3fd5b671b22003d7,163,163,1
722,5f3ba6203fd5b671b22038b2,5f3ba61e3fd5b671b22003aa,163,163,1
723,5f3ba6213fd5b671b2203e2d,5f3ba61e3fd5b671b2200454,124,124,1
724,5f3ba6213fd5b671b2203e2d,5f3ba61e3fd5b671b220041b,124,124,1
725,5f3ba6203fd5b671b22038d5,5f3ba61e3fd5b671b2200454,124,124,1
726,5f3ba6203fd5b671b22038d5,5f3ba61e3fd5b671b220041b,124,124,1
727,5f3ba61f3fd5b671b2201ad4,5f3ba61e3fd5b671b2200454,124,124,1
728,5f3ba61f3fd5b671b2201ad4,5f3ba61e3fd5b671b220041b,124,124,1
729,5f3ba6213fd5b671b220490a,5f3ba61e3fd5b671b2200454,124,124,1
730,5f3ba6213fd5b671b220490a,5f3ba61e3fd5b671b220041b,124,124,1
731,5f3ba6203fd5b671b2203329,5f3ba61e3fd5b671b2200454,124,124,1
732,5f3ba6203fd5b671b2203329,5f3ba61e3fd5b671b220041b,124,124,1
733,5f3ba6203fd5b671b2202330,5f3ba61e3fd5b671b2200454,124,124,1
734,5f3ba6203fd5b671b2202330,5f3ba61e3fd5b671b220041b,124,124,1
735,5f3ba6203fd5b671b2203816,5f3ba61e3fd5b671b2200454,124,124,1
736,5f3ba6203fd5b671b2203816,5f3ba61e3fd5b671b220041b,124,124,1
737,5f3ba6203fd5b671b2202e1d,5f3ba61e3fd5b671b2200454,124,124,1
738,5f3ba6203fd5b671b2202e1d,5f3ba61e3fd5b671b220041b,124,124,1
739,5f3ba6213fd5b671b2204485,5f3ba61e3fd5b671b2200454,124,124,1
740,5f3ba6213fd5b671b2204485,5f3ba61e3fd5b671b220041b,124,124,1
741,5f3ba6203fd5b671b2203257,5f3ba61e3fd5b671b2200454,124,124,1
742,5f3ba6203fd5b671b2203257,5f3ba61e3fd5b671b220041b,124,124,1
743,5f3ba6213fd5b671b2203f11,5f3ba61e3fd5b671b2200454,124,124,1
744,5f3ba6213fd5b671b2203f11,5f3ba61e3fd5b671b220041b,124,124,1
745,5f3ba61f3fd5b671b220203e,5f3ba61e3fd5b671b2200454,124,124,1
746,5f3ba61f3fd5b671b220203e,5f3ba61e3fd5b671b220041b,124,124,1
747,5f3ba6213fd5b671b2204815,5f3ba61e3fd5b671b2200454,124,124,1
748,5f3ba6213fd5b671b2204815,5f3ba61e3fd5b671b220041b,124,124,1
749,5f3ba6203fd5b671b22027a1,5f3ba61e3fd5b671b2200454,124,124,1
750,5f3ba6203fd5b671b22027a1,5f3ba61e3fd5b671b220041b,124,124,1
751,5f3ba6213fd5b671b22045ce,5f3ba61e3fd5b671b2200454,124,124,1
752,5f3ba6213fd5b671b22045ce,5f3ba61e3fd5b671b220041b,124,124,1
753,5f3ba6213fd5b671b2203fe1,5f3ba61e3fd5b671b22003de,676,676,1
754,5f3ba6203fd5b671b22033cd,5f3ba61e3fd5b671b22003de,676,676,1
755,5f3ba6203fd5b671b2202aba,5f3ba61e3fd5b671b22003de,676,676,1
756,5f3ba6203fd5b671b2202e0a,5f3ba61e3fd5b671b22003de,676,676,1
757,5f3ba6213fd5b671b2204355,5f3ba61e3fd5b671b2200447,97,97,1
758,5f3ba6213fd5b671b2204355,5f3ba61e3fd5b671b220041c,97,97,1
759,5f3ba61f3fd5b671b2201855,5f3ba61e3fd5b671b2200447,97,97,1
760,5f3ba61f3fd5b671b2201855,5f3ba61e3fd5b671b220041c,97,97,1
761,5f3ba61f3fd5b671b22018fa,5f3ba61e3fd5b671b2200447,97,97,1
762,5f3ba61f3fd5b671b22018fa,5f3ba61e3fd5b671b220041c,97,97,1
763,5f3ba6203fd5b671b2203815,5f3ba61e3fd5b671b2200447,97,97,1
764,5f3ba6203fd5b671b2203815,5f3ba61e3fd5b671b220041c,97,97,1
765,5f3ba6213fd5b671b2203f97,5f3ba61e3fd5b671b2200447,97,97,1
766,5f3ba6213fd5b671b2203f97,5f3ba61e3fd5b671b220041c,97,97,1
767,5f3ba6203fd5b671b220231a,5f3ba61e3fd5b671b2200447,97,97,1
768,5f3ba6203fd5b671b220231a,5f3ba61e3fd5b671b220041c,97,97,1
769,5f3ba6203fd5b671b2202fbd,5f3ba61e3fd5b671b2200447,97,97,1
770,5f3ba6203fd5b671b2202fbd,5f3ba61e3fd5b671b220041c,97,97,1
771,5f3ba6213fd5b671b2204ac8,5f3ba61e3fd5b671b2200447,97,97,1
772,5f3ba6213fd5b671b2204ac8,5f3ba61e3fd5b671b220041c,97,97,1
773,5f3ba61f3fd5b671b2201a98,5f3ba61e3fd5b671b2200447,97,97,1
774,5f3ba61f3fd5b671b2201a98,5f3ba61e3fd5b671b220041c,97,97,1
775,5f3ba6203fd5b671b2203858,5f3ba61e3fd5b671b2200447,97,97,1
776,5f3ba6203fd5b671b2203858,5f3ba61e3fd5b671b220041c,97,97,1
777,5f3ba6213fd5b671b2203af3,5f3ba61e3fd5b671b2200447,97,97,1
778,5f3ba6213fd5b671b2203af3,5f3ba61e3fd5b671b220041c,97,97,1
779,5f3ba6213fd5b671b2203b4c,5f3ba61e3fd5b671b2200447,97,97,1
780,5f3ba6213fd5b671b2203b4c,5f3ba61e3fd5b671b220041c,97,97,1
781,5f3ba6203fd5b671b2202c51,5f3ba61e3fd5b671b2200447,97,97,1
782,5f3ba6203fd5b671b2202c51,5f3ba61e3fd5b671b220041c,97,97,1
783,5f3ba6203fd5b671b22037e6,5f3ba61e3fd5b671b2200447,97,97,1
784,5f3ba6203fd5b671b22037e6,5f3ba61e3fd5b671b220041c,97,97,1
785,5f3ba6213fd5b671b2203ad7,5f3ba61e3fd5b671b2200447,97,97,1
786,5f3ba6213fd5b671b2203ad7,5f3ba61e3fd5b671b220041c,97,97,1
787,5f3ba6213fd5b671b2203faf,5f3ba61e3fd5b671b2200447,97,97,1
788,5f3ba6213fd5b671b2203faf,5f3ba61e3fd5b671b220041c,97,97,1
789,5f3ba6213fd5b671b220471c,5f3ba61e3fd5b671b220041d,110,110,1
790,5f3ba61f3fd5b671b22019fa,5f3ba61e3fd5b671b220041d,110,110,1
791,5f3ba6203fd5b671b2202e12,5f3ba61e3fd5b671b220041d,110,110,1
792,5f3ba6213fd5b671b2203956,5f3ba61e3fd5b671b220041d,110,110,1
793,5f3ba61f3fd5b671b2201547,5f3ba61e3fd5b671b220041d,110,110,1
794,5f3ba61f3fd5b671b220201c,5f3ba61e3fd5b671b220041d,110,110,1
795,5f3ba6213fd5b671b2204a12,5f3ba61e3fd5b671b220041d,110,110,1
796,5f3ba6203fd5b671b22037dc,5f3ba61e3fd5b671b220041d,110,110,1
797,5f3ba61f3fd5b671b2201c31,5f3ba61e3fd5b671b220041d,110,110,1
798,5f3ba6203fd5b671b2203793,5f3ba61e3fd5b671b220041d,110,110,1
799,5f3ba61f3fd5b671b220171b,5f3ba61e3fd5b671b220041d,110,110,1
800,5f3ba6203fd5b671b2202773,5f3ba61e3fd5b671b220041d,110,110,1
801,5f3ba6203fd5b671b2203874,5f3ba61e3fd5b671b220041d,110,110,1
802,5f3ba6213fd5b671b2204a53,5f3ba61e3fd5b671b220041d,110,110,1
803,5f3ba6213fd5b671b2203cb8,5f3ba61e3fd5b671b220041d,110,110,1
804,5f3ba6203fd5b671b22026b9,5f3ba61e3fd5b671b220041d,110,110,1
805,5f3ba61f3fd5b671b2201564,5f3ba61e3fd5b671b220041d,110,110,1
806,5f3ba6203fd5b671b22023b8,5f3ba61e3fd5b671b220041d,110,110,1
807,5f3ba6213fd5b671b22048c2,5f3ba61e3fd5b671b2200458,485,485,1
808,5f3ba6203fd5b671b220284e,5f3ba61e3fd5b671b2200458,485,485,1
809,5f3ba61f3fd5b671b2201d0f,5f3ba61e3fd5b671b2200458,485,485,1
810,5f3ba6213fd5b671b2204716,5f3ba61e3fd5b671b2200458,485,485,1
811,5f3ba6213fd5b671b22042af,5f3ba61e3fd5b671b2200458,485,485,1
812,5f3ba6213fd5b671b2204ad9,5f3ba61e3fd5b671b22003ff,655,655,1
813,5f3ba6203fd5b671b2202368,5f3ba61e3fd5b671b22003ff,655,655,1
814,5f3ba6203fd5b671b2203030,5f3ba61e3fd5b671b22003ff,655,655,1
815,5f3ba6203fd5b671b22038e2,5f3ba61e3fd5b671b22003ff,655,655,1
816,5f3ba6213fd5b671b2203d4c,5f3ba61e3fd5b671b22003ff,655,655,1
817,5f3ba6213fd5b671b2204b96,5f3ba61e3fd5b671b22003d2,9,9,1
818,5f3ba6213fd5b671b2204b96,5f3ba61e3fd5b671b22003dc,9,9,1
819,5f3ba6213fd5b671b2204379,5f3ba61e3fd5b671b22003d2,9,9,1
820,5f3ba6213fd5b671b2204379,5f3ba61e3fd5b671b22003dc,9,9,1
821,5f3ba6203fd5b671b220371c,5f3ba61e3fd5b671b22003d2,9,9,1
822,5f3ba6203fd5b671b220371c,5f3ba61e3fd5b671b22003dc,9,9,1
823,5f3ba6213fd5b671b2204ba8,5f3ba61e3fd5b671b220040b,925,925,1
824,5f3ba6213fd5b671b2204ba8,5f3ba61e3fd5b671b2200441,925,925,1
825,5f3ba61f3fd5b671b220203c,5f3ba61e3fd5b671b220040b,925,925,1
826,5f3ba61f3fd5b671b220203c,5f3ba61e3fd5b671b2200441,925,925,1
827,5f3ba61f3fd5b671b2201d73,5f3ba61e3fd5b671b220040b,925,925,1
828,5f3ba61f3fd5b671b2201d73,5f3ba61e3fd5b671b2200441,925,925,1
829,5f3ba6213fd5b671b2204c6f,5f3ba61e3fd5b671b2200415,661,661,1
830,5f3ba6213fd5b671b2204c6f,5f3ba61e3fd5b671b22003b4,661,661,1
831,5f3ba6213fd5b671b2204c6f,5f3ba61e3fd5b671b22003a9,661,661,1
832,5f3ba6213fd5b671b2204c6f,5f3ba61e3fd5b671b220043d,661,661,1
833,5f3ba61f3fd5b671b2201889,5f3ba61e3fd5b671b2200415,661,661,1
834,5f3ba61f3fd5b671b2201889,5f3ba61e3fd5b671b22003b4,661,661,1
835,5f3ba61f3fd5b671b2201889,5f3ba61e3fd5b671b22003a9,661,661,1
836,5f3ba61f3fd5b671b2201889,5f3ba61e3fd5b671b220043d,661,661,1
837,5f3ba6203fd5b671b2203808,5f3ba61e3fd5b671b2200415,661,661,1
838,5f3ba6203fd5b671b2203808,5f3ba61e3fd5b671b22003b4,661,661,1
839,5f3ba6203fd5b671b2203808,5f3ba61e3fd5b671b22003a9,661,661,1
840,5f3ba6203fd5b671b2203808,5f3ba61e3fd5b671b220043d,661,661,1
841,5f3ba6203fd5b671b22026d3,5f3ba61e3fd5b671b2200415,661,661,1
842,5f3ba6203fd5b671b22026d3,5f3ba61e3fd5b671b22003b4,661,661,1
843,5f3ba6203fd5b671b22026d3,5f3ba61e3fd5b671b22003a9,661,661,1
844,5f3ba6203fd5b671b22026d3,5f3ba61e3fd5b671b220043d,661,661,1
845,5f3ba6213fd5b671b22041fe,5f3ba61e3fd5b671b2200415,661,661,1
846,5f3ba6213fd5b671b22041fe,5f3ba61e3fd5b671b22003b4,661,661,1
847,5f3ba6213fd5b671b22041fe,5f3ba61e3fd5b671b22003a9,661,661,1
848,5f3ba6213fd5b671b22041fe,5f3ba61e3fd5b671b220043d,661,661,1
849,5f3ba6213fd5b671b2204a31,5f3ba61e3fd5b671b2200415,661,661,1
850,5f3ba6213fd5b671b2204a31,5f3ba61e3fd5b671b22003b4,661,661,1
851,5f3ba6213fd5b671b2204a31,5f3ba61e3fd5b671b22003a9,661,661,1
852,5f3ba6213fd5b671b2204a31,5f3ba61e3fd5b671b220043d,661,661,1
853,5f3ba6203fd5b671b22022b7,5f3ba61e3fd5b671b2200415,661,661,1
854,5f3ba6203fd5b671b22022b7,5f3ba61e3fd5b671b22003b4,661,661,1
855,5f3ba6203fd5b671b22022b7,5f3ba61e3fd5b671b22003a9,661,661,1
856,5f3ba6203fd5b671b22022b7,5f3ba61e3fd5b671b220043d,661,661,1
857,5f3ba61f3fd5b671b220162f,5f3ba61e3fd5b671b22003e0,185,185,1
858,5f3ba61f3fd5b671b220162f,5f3ba61e3fd5b671b22003f4,185,185,1
859,5f3ba6203fd5b671b2202778,5f3ba61e3fd5b671b22003e0,185,185,1
860,5f3ba6203fd5b671b2202778,5f3ba61e3fd5b671b22003f4,185,185,1
861,5f3ba6213fd5b671b2203d77,5f3ba61e3fd5b671b22003e0,185,185,1
862,5f3ba6213fd5b671b2203d77,5f3ba61e3fd5b671b22003f4,185,185,1
863,5f3ba6203fd5b671b22038a0,5f3ba61e3fd5b671b22003e0,185,185,1
864,5f3ba6203fd5b671b22038a0,5f3ba61e3fd5b671b22003f4,185,185,1
865,5f3ba6213fd5b671b2204a8c,5f3ba61e3fd5b671b22003e0,185,185,1
866,5f3ba6213fd5b671b2204a8c,5f3ba61e3fd5b671b22003f4,185,185,1
867,5f3ba6203fd5b671b22031f5,5f3ba61e3fd5b671b22003e0,185,185,1
868,5f3ba6203fd5b671b22031f5,5f3ba61e3fd5b671b22003f4,185,185,1
869,5f3ba6203fd5b671b2203238,5f3ba61e3fd5b671b22003e0,185,185,1
870,5f3ba6203fd5b671b2203238,5f3ba61e3fd5b671b22003f4,185,185,1
871,5f3ba6203fd5b671b22032ae,5f3ba61e3fd5b671b22003e0,185,185,1
872,5f3ba6203fd5b671b22032ae,5f3ba61e3fd5b671b22003f4,185,185,1
873,5f3ba6203fd5b671b220350f,5f3ba61e3fd5b671b22003e0,185,185,1
874,5f3ba6203fd5b671b220350f,5f3ba61e3fd5b671b22003f4,185,185,1
875,5f3ba6213fd5b671b2203944,5f3ba61e3fd5b671b22003e0,185,185,1
876,5f3ba6213fd5b671b2203944,5f3ba61e3fd5b671b22003f4,185,185,1
877,5f3ba6213fd5b671b2204155,5f3ba61e3fd5b671b22003e0,185,185,1
878,5f3ba6213fd5b671b2204155,5f3ba61e3fd5b671b22003f4,185,185,1
879,5f3ba6203fd5b671b2203782,5f3ba61e3fd5b671b22003e0,185,185,1
880,5f3ba6203fd5b671b2203782,5f3ba61e3fd5b671b22003f4,185,185,1
881,5f3ba6203fd5b671b22020b3,5f3ba61e3fd5b671b22003e0,185,185,1
882,5f3ba6203fd5b671b22020b3,5f3ba61e3fd5b671b22003f4,185,185,1
883,5f3ba6213fd5b671b22045e3,5f3ba61e3fd5b671b22003e0,185,185,1
884,5f3ba6213fd5b671b22045e3,5f3ba61e3fd5b671b22003f4,185,185,1
885,5f3ba6213fd5b671b22042a4,5f3ba61e3fd5b671b22003e0,185,185,1
886,5f3ba6213fd5b671b22042a4,5f3ba61e3fd5b671b22003f4,185,185,1
887,5f3ba6213fd5b671b220439b,5f3ba61e3fd5b671b22003e0,185,185,1
888,5f3ba6213fd5b671b220439b,5f3ba61e3fd5b671b22003f4,185,185,1
889,5f3ba61f3fd5b671b2201575,5f3ba61e3fd5b671b22003e0,185,185,1
890,5f3ba61f3fd5b671b2201575,5f3ba61e3fd5b671b22003f4,185,185,1
891,5f3ba6203fd5b671b22029b9,5f3ba61e3fd5b671b22003e0,185,185,1
892,5f3ba6203fd5b671b22029b9,5f3ba61e3fd5b671b22003f4,185,185,1
893,5f3ba6203fd5b671b22037ba,5f3ba61e3fd5b671b22003e0,185,185,1
894,5f3ba6203fd5b671b22037ba,5f3ba61e3fd5b671b22003f4,185,185,1
895,5f3ba6203fd5b671b22036d0,5f3ba61e3fd5b671b22003e0,185,185,1
896,5f3ba6203fd5b671b22036d0,5f3ba61e3fd5b671b22003f4,185,185,1
897,5f3ba6203fd5b671b22038b0,5f3ba61e3fd5b671b22003e0,185,185,1
898,5f3ba6203fd5b671b22038b0,5f3ba61e3fd5b671b22003f4,185,185,1
899,5f3ba6213fd5b671b2203fbf,5f3ba61e3fd5b671b22003e0,185,185,1
900,5f3ba6213fd5b671b2203fbf,5f3ba61e3fd5b671b22003f4,185,185,1
901,5f3ba61f3fd5b671b2201a02,5f3ba61e3fd5b671b2200448,159,159,1
902,5f3ba6203fd5b671b2202690,5f3ba61e3fd5b671b2200448,159,159,1
903,5f3ba61f3fd5b671b2201c6a,5f3ba61e3fd5b671b2200446,143,143,1
904,5f3ba61f3fd5b671b220201e,5f3ba61e3fd5b671b2200446,143,143,1
905,5f3ba6213fd5b671b2203fa9,5f3ba61e3fd5b671b2200446,143,143,1
906,5f3ba6203fd5b671b2202872,5f3ba61e3fd5b671b2200446,143,143,1
907,5f3ba6203fd5b671b2202e44,5f3ba61e3fd5b671b2200446,143,143,1
908,5f3ba6203fd5b671b22024b0,5f3ba61e3fd5b671b2200446,143,143,1
909,5f3ba6203fd5b671b2202e20,5f3ba61e3fd5b671b2200446,143,143,1
910,5f3ba6213fd5b671b2203f7c,5f3ba61e3fd5b671b2200446,143,143,1
911,5f3ba6213fd5b671b220476c,5f3ba61e3fd5b671b2200446,143,143,1
912,5f3ba61f3fd5b671b2201e1f,5f3ba61e3fd5b671b22003b7,697,697,1
913,5f3ba6203fd5b671b2202bf2,5f3ba61e3fd5b671b22003b7,697,697,1
914,5f3ba6213fd5b671b2203f22,5f3ba61e3fd5b671b22003b7,697,697,1
915,5f3ba61f3fd5b671b220162a,5f3ba61e3fd5b671b22003b7,697,697,1
916,5f3ba6203fd5b671b22020ab,5f3ba61e3fd5b671b22003b7,697,697,1
917,5f3ba61f3fd5b671b2201649,5f3ba61e3fd5b671b22003b7,697,697,1
918,5f3ba6203fd5b671b2202578,5f3ba61e3fd5b671b2200413,122,122,1
919,5f3ba6203fd5b671b2202578,5f3ba61e3fd5b671b22003c5,122,122,1
920,5f3ba6213fd5b671b22039ec,5f3ba61e3fd5b671b2200413,122,122,1
921,5f3ba6213fd5b671b22039ec,5f3ba61e3fd5b671b22003c5,122,122,1
922,5f3ba6213fd5b671b2204637,5f3ba61e3fd5b671b2200413,122,122,1
923,5f3ba6213fd5b671b2204637,5f3ba61e3fd5b671b22003c5,122,122,1
924,5f3ba61f3fd5b671b2201d1f,5f3ba61e3fd5b671b2200413,122,122,1
925,5f3ba61f3fd5b671b2201d1f,5f3ba61e3fd5b671b22003c5,122,122,1
926,5f3ba6203fd5b671b22024c6,5f3ba61e3fd5b671b2200413,122,122,1
927,5f3ba6203fd5b671b22024c6,5f3ba61e3fd5b671b22003c5,122,122,1
928,5f3ba6203fd5b671b2203750,5f3ba61e3fd5b671b2200413,122,122,1
929,5f3ba6203fd5b671b2203750,5f3ba61e3fd5b671b22003c5,122,122,1
930,5f3ba61f3fd5b671b22017a2,5f3ba61e3fd5b671b2200413,122,122,1
931,5f3ba61f3fd5b671b22017a2,5f3ba61e3fd5b671b22003c5,122,122,1
932,5f3ba61f3fd5b671b2201fd1,5f3ba61e3fd5b671b2200413,122,122,1
933,5f3ba61f3fd5b671b2201fd1,5f3ba61e3fd5b671b22003c5,122,122,1
934,5f3ba6213fd5b671b2203c7e,5f3ba61e3fd5b671b2200413,122,122,1
935,5f3ba6213fd5b671b2203c7e,5f3ba61e3fd5b671b22003c5,122,122,1
936,5f3ba6213fd5b671b2204539,5f3ba61e3fd5b671b2200413,122,122,1
937,5f3ba6213fd5b671b2204539,5f3ba61e3fd5b671b22003c5,122,122,1
938,5f3ba6213fd5b671b2203ee8,5f3ba61e3fd5b671b2200413,122,122,1
939,5f3ba6213fd5b671b2203ee8,5f3ba61e3fd5b671b22003c5,122,122,1
940,5f3ba6213fd5b671b2203a7c,5f3ba61e3fd5b671b2200413,122,122,1
941,5f3ba6213fd5b671b2203a7c,5f3ba61e3fd5b671b22003c5,122,122,1
942,5f3ba6203fd5b671b2202646,5f3ba61e3fd5b671b2200429,204,204,1
943,5f3ba6203fd5b671b2202646,5f3ba61e3fd5b671b2200442,204,204,1
944,5f3ba6203fd5b671b2202d60,5f3ba61e3fd5b671b2200429,204,204,1
945,5f3ba6203fd5b671b2202d60,5f3ba61e3fd5b671b2200442,204,204,1
946,5f3ba6203fd5b671b2202cb9,5f3ba61e3fd5b671b2200429,204,204,1
947,5f3ba6203fd5b671b2202cb9,5f3ba61e3fd5b671b2200442,204,204,1
948,5f3ba6203fd5b671b220283e,5f3ba61e3fd5b671b2200430,111,111,1
949,5f3ba6203fd5b671b220380f,5f3ba61e3fd5b671b2200430,111,111,1
950,5f3ba61f3fd5b671b2201ff9,5f3ba61e3fd5b671b2200430,111,111,1
951,5f3ba6203fd5b671b22036b2,5f3ba61e3fd5b671b2200430,111,111,1
952,5f3ba61f3fd5b671b22016b2,5f3ba61e3fd5b671b2200430,111,111,1
953,5f3ba6213fd5b671b2203bbf,5f3ba61e3fd5b671b2200430,111,111,1
954,5f3ba6213fd5b671b220410b,5f3ba61e3fd5b671b2200430,111,111,1
955,5f3ba6203fd5b671b22024e8,5f3ba61e3fd5b671b2200430,111,111,1
956,5f3ba6213fd5b671b220463c,5f3ba61e3fd5b671b2200430,111,111,1
957,5f3ba6213fd5b671b2203ddb,5f3ba61e3fd5b671b2200430,111,111,1
958,5f3ba6203fd5b671b2202a9a,5f3ba61e3fd5b671b2200406,198,198,1
959,5f3ba6203fd5b671b2202a9a,5f3ba61e3fd5b671b2200422,198,198,1
960,5f3ba6203fd5b671b22036d5,5f3ba61e3fd5b671b2200406,198,198,1
961,5f3ba6203fd5b671b22036d5,5f3ba61e3fd5b671b2200422,198,198,1
962,5f3ba6213fd5b671b2204066,5f3ba61e3fd5b671b2200406,198,198,1
963,5f3ba6213fd5b671b2204066,5f3ba61e3fd5b671b2200422,198,198,1
964,5f3ba6203fd5b671b22022c1,5f3ba61e3fd5b671b2200406,198,198,1
965,5f3ba6203fd5b671b22022c1,5f3ba61e3fd5b671b2200422,198,198,1
966,5f3ba6203fd5b671b2202aac,5f3ba61e3fd5b671b22003fe,1070,1070,1
967,5f3ba61f3fd5b671b220153e,5f3ba61e3fd5b671b22003fe,1070,1070,1
968,5f3ba6203fd5b671b22034f3,5f3ba61e3fd5b671b22003fe,1070,1070,1
969,5f3ba6203fd5b671b2202a5b,5f3ba61e3fd5b671b22003fe,1070,1070,1
970,5f3ba6213fd5b671b2203cec,5f3ba61e3fd5b671b22003fe,1070,1070,1
971,5f3ba6203fd5b671b2202ba4,5f3ba61e3fd5b671b22003df,174,174,1
972,5f3ba61f3fd5b671b2201621,5f3ba61e3fd5b671b22003df,174,174,1
973,5f3ba6203fd5b671b220290e,5f3ba61e3fd5b671b22003df,174,174,1
974,5f3ba6203fd5b671b2202e9a,5f3ba61e3fd5b671b22003df,174,174,1
975,5f3ba6203fd5b671b22025fc,5f3ba61e3fd5b671b22003df,174,174,1
976,5f3ba6213fd5b671b2203b1a,5f3ba61e3fd5b671b22003df,174,174,1
977,5f3ba6213fd5b671b22048af,5f3ba61e3fd5b671b22003df,174,174,1
978,5f3ba6203fd5b671b2202c23,5f3ba61e3fd5b671b22003c4,820,820,1
979,5f3ba6203fd5b671b2202c23,5f3ba61e3fd5b671b22003a8,820,820,1
980,5f3ba6203fd5b671b2202c23,5f3ba61e3fd5b671b22003d4,820,820,1
981,5f3ba61f3fd5b671b2201bc6,5f3ba61e3fd5b671b22003c4,820,820,1
982,5f3ba61f3fd5b671b2201bc6,5f3ba61e3fd5b671b22003a8,820,820,1
983,5f3ba61f3fd5b671b2201bc6,5f3ba61e3fd5b671b22003d4,820,820,1
984,5f3ba6203fd5b671b2202334,5f3ba61e3fd5b671b22003c4,820,820,1
985,5f3ba6203fd5b671b2202334,5f3ba61e3fd5b671b22003a8,820,820,1
986,5f3ba6203fd5b671b2202334,5f3ba61e3fd5b671b22003d4,820,820,1
987,5f3ba6213fd5b671b22039a0,5f3ba61e3fd5b671b22003c4,820,820,1
988,5f3ba6213fd5b671b22039a0,5f3ba61e3fd5b671b22003a8,820,820,1
989,5f3ba6213fd5b671b22039a0,5f3ba61e3fd5b671b22003d4,820,820,1
990,5f3ba6203fd5b671b22032e9,5f3ba61e3fd5b671b22003c4,820,820,1
991,5f3ba6203fd5b671b22032e9,5f3ba61e3fd5b671b22003a8,820,820,1
992,5f3ba6203fd5b671b22032e9,5f3ba61e3fd5b671b22003d4,820,820,1
993,5f3ba6203fd5b671b220353f,5f3ba61e3fd5b671b22003c4,820,820,1
994,5f3ba6203fd5b671b220353f,5f3ba61e3fd5b671b22003a8,820,820,1
995,5f3ba6203fd5b671b220353f,5f3ba61e3fd5b671b22003d4,820,820,1
996,5f3ba6213fd5b671b22043c7,5f3ba61e3fd5b671b22003c4,820,820,1
997,5f3ba6213fd5b671b22043c7,5f3ba61e3fd5b671b22003a8,820,820,1
998,5f3ba6213fd5b671b22043c7,5f3ba61e3fd5b671b22003d4,820,820,1
999,5f3ba6203fd5b671b2202906,5f3ba61e3fd5b671b22003c4,820,820,1
1000,5f3ba6203fd5b671b2202906,5f3ba61e3fd5b671b22003a8,820,820,1
1001,5f3ba6203fd5b671b2202906,5f3ba61e3fd5b671b22003d4,820,820,1
1002,5f3ba6213fd5b671b220476b,5f3ba61e3fd5b671b22003c4,820,820,1
1003,5f3ba6213fd5b671b220476b,5f3ba61e3fd5b671b22003a8,820,820,1
1004,5f3ba6213fd5b671b220476b,5f3ba61e3fd5b671b22003d4,820,820,1
1005,5f3ba61f3fd5b671b2201b71,5f3ba61e3fd5b671b22003c4,820,820,1
1006,5f3ba61f3fd5b671b2201b71,5f3ba61e3fd5b671b22003a8,820,820,1
1007,5f3ba61f3fd5b671b2201b71,5f3ba61e3fd5b671b22003d4,820,820,1
1008,5f3ba6203fd5b671b2202bf9,5f3ba61e3fd5b671b22003c4,820,820,1
1009,5f3ba6203fd5b671b2202bf9,5f3ba61e3fd5b671b22003a8,820,820,1
1010,5f3ba6203fd5b671b2202bf9,5f3ba61e3fd5b671b22003d4,820,820,1
1011,5f3ba6203fd5b671b2203605,5f3ba61e3fd5b671b22003c4,820,820,1
1012,5f3ba6203fd5b671b2203605,5f3ba61e3fd5b671b22003a8,820,820,1
1013,5f3ba6203fd5b671b2203605,5f3ba61e3fd5b671b22003d4,820,820,1
1014,5f3ba6203fd5b671b22022ba,5f3ba61e3fd5b671b22003c4,820,820,1
1015,5f3ba6203fd5b671b22022ba,5f3ba61e3fd5b671b22003a8,820,820,1
1016,5f3ba6203fd5b671b22022ba,5f3ba61e3fd5b671b22003d4,820,820,1
1017,5f3ba6203fd5b671b2202b00,5f3ba61e3fd5b671b22003c4,820,820,1
1018,5f3ba6203fd5b671b2202b00,5f3ba61e3fd5b671b22003a8,820,820,1
1019,5f3ba6203fd5b671b2202b00,5f3ba61e3fd5b671b22003d4,820,820,1
1020,5f3ba6213fd5b671b22044b5,5f3ba61e3fd5b671b22003c4,820,820,1
1021,5f3ba6213fd5b671b22044b5,5f3ba61e3fd5b671b22003a8,820,820,1
1022,5f3ba6213fd5b671b22044b5,5f3ba61e3fd5b671b22003d4,820,820,1
1023,5f3ba6213fd5b671b22044ea,5f3ba61e3fd5b671b22003c4,820,820,1
1024,5f3ba6213fd5b671b22044ea,5f3ba61e3fd5b671b22003a8,820,820,1
1025,5f3ba6213fd5b671b22044ea,5f3ba61e3fd5b671b22003d4,820,820,1
1026,5f3ba6213fd5b671b2204b8a,5f3ba61e3fd5b671b22003c4,820,820,1
1027,5f3ba6213fd5b671b2204b8a,5f3ba61e3fd5b671b22003a8,820,820,1
1028,5f3ba6213fd5b671b2204b8a,5f3ba61e3fd5b671b22003d4,820,820,1
1029,5f3ba61f3fd5b671b2201e7b,5f3ba61e3fd5b671b22003c4,820,820,1
1030,5f3ba61f3fd5b671b2201e7b,5f3ba61e3fd5b671b22003a8,820,820,1
1031,5f3ba61f3fd5b671b2201e7b,5f3ba61e3fd5b671b22003d4,820,820,1
1032,5f3ba6203fd5b671b22030a3,5f3ba61e3fd5b671b22003c4,820,820,1
1033,5f3ba6203fd5b671b22030a3,5f3ba61e3fd5b671b22003a8,820,820,1
1034,5f3ba6203fd5b671b22030a3,5f3ba61e3fd5b671b22003d4,820,820,1
1035,5f3ba6213fd5b671b2203d22,5f3ba61e3fd5b671b22003c4,820,820,1
1036,5f3ba6213fd5b671b2203d22,5f3ba61e3fd5b671b22003a8,820,820,1
1037,5f3ba6213fd5b671b2203d22,5f3ba61e3fd5b671b22003d4,820,820,1
1038,5f3ba6203fd5b671b2203501,5f3ba61e3fd5b671b220042d,132,132,1
1039,5f3ba6213fd5b671b2204a3a,5f3ba61e3fd5b671b220042d,132,132,1
1040,5f3ba6203fd5b671b2203010,5f3ba61e3fd5b671b220042d,132,132,1
1041,5f3ba6203fd5b671b22034c5,5f3ba61e3fd5b671b220042d,132,132,1
1042,5f3ba6213fd5b671b22042ee,5f3ba61e3fd5b671b220042d,132,132,1
1043,5f3ba6203fd5b671b22024da,5f3ba61e3fd5b671b220042d,132,132,1
1044,5f3ba6213fd5b671b2204281,5f3ba61e3fd5b671b220042d,132,132,1
1045,5f3ba6203fd5b671b2202f1c,5f3ba61e3fd5b671b220042d,132,132,1
1046,5f3ba6203fd5b671b2202982,5f3ba61e3fd5b671b220042d,132,132,1
1047,5f3ba61f3fd5b671b2201f30,5f3ba61e3fd5b671b220042d,132,132,1
1048,5f3ba6203fd5b671b2202467,5f3ba61e3fd5b671b220042d,132,132,1
1049,5f3ba6213fd5b671b2203c4c,5f3ba61e3fd5b671b220042d,132,132,1
1050,5f3ba6213fd5b671b2204ca2,5f3ba61e3fd5b671b220042d,132,132,1
1051,5f3ba6203fd5b671b22036a4,5f3ba61e3fd5b671b22003eb,189,189,1
1052,5f3ba6213fd5b671b2203af4,5f3ba61e3fd5b671b22003eb,189,189,1
1053,5f3ba6213fd5b671b2203b3e,5f3ba61e3fd5b671b22003eb,189,189,1
1054,5f3ba6213fd5b671b2204886,5f3ba61e3fd5b671b22003eb,189,189,1
1055,5f3ba6203fd5b671b2203205,5f3ba61e3fd5b671b22003eb,189,189,1
1056,5f3ba6203fd5b671b2202418,5f3ba61e3fd5b671b22003eb,189,189,1
1057,5f3ba6203fd5b671b220353c,5f3ba61e3fd5b671b22003eb,189,189,1
1058,5f3ba6203fd5b671b2202bc0,5f3ba61e3fd5b671b22003eb,189,189,1
1059,5f3ba61f3fd5b671b22016ba,5f3ba61e3fd5b671b22003eb,189,189,1
1060,5f3ba6213fd5b671b220444a,5f3ba61e3fd5b671b22003eb,189,189,1
1061,5f3ba6203fd5b671b2202221,5f3ba61e3fd5b671b22003eb,189,189,1
1062,5f3ba6203fd5b671b220381e,5f3ba61e3fd5b671b22003f0,662,662,1
1063,5f3ba6213fd5b671b2203a33,5f3ba61e3fd5b671b22003f0,662,662,1
1064,5f3ba6213fd5b671b2204915,5f3ba61e3fd5b671b22003f0,662,662,1
1065,5f3ba6213fd5b671b2203b0a,5f3ba61e3fd5b671b22003f0,662,662,1
1066,5f3ba6203fd5b671b2202c99,5f3ba61e3fd5b671b22003f0,662,662,1
1067,5f3ba6213fd5b671b2204570,5f3ba61e3fd5b671b22003f0,662,662,1
1068,5f3ba6203fd5b671b22038b4,5f3ba61e3fd5b671b22003f8,1273,1273,1
1069,5f3ba6213fd5b671b2203b06,5f3ba61e3fd5b671b22003f8,1273,1273,1
1070,5f3ba6213fd5b671b220436c,5f3ba61e3fd5b671b22003f8,1273,1273,1
1071,5f3ba6203fd5b671b2203917,5f3ba61e3fd5b671b220040a,663,663,1
1072,5f3ba6203fd5b671b22031f2,5f3ba61e3fd5b671b220040a,663,663,1
1073,5f3ba6203fd5b671b220341c,5f3ba61e3fd5b671b220040a,663,663,1
1074,5f3ba6203fd5b671b2203650,5f3ba61e3fd5b671b220040a,663,663,1
1075,5f3ba6203fd5b671b220221a,5f3ba61e3fd5b671b220040a,663,663,1
1076,5f3ba6213fd5b671b2203ee2,5f3ba61e3fd5b671b220040a,663,663,1
1077,5f3ba6203fd5b671b2202e86,5f3ba61e3fd5b671b220040a,663,663,1
1078,5f3ba6203fd5b671b2202859,5f3ba61e3fd5b671b220040a,663,663,1
1079,5f3ba6213fd5b671b2203996,5f3ba61e3fd5b671b220040c,108,108,1
1080,5f3ba6213fd5b671b2203996,5f3ba61e3fd5b671b22003d8,108,108,1
1081,5f3ba61f3fd5b671b2201bbd,5f3ba61e3fd5b671b220040c,108,108,1
1082,5f3ba61f3fd5b671b2201bbd,5f3ba61e3fd5b671b22003d8,108,108,1
1083,5f3ba61f3fd5b671b2201da4,5f3ba61e3fd5b671b220040c,108,108,1
1084,5f3ba61f3fd5b671b2201da4,5f3ba61e3fd5b671b22003d8,108,108,1
1085,5f3ba6203fd5b671b2202374,5f3ba61e3fd5b671b220040c,108,108,1
1086,5f3ba6203fd5b671b2202374,5f3ba61e3fd5b671b22003d8,108,108,1
1087,5f3ba6203fd5b671b2203614,5f3ba61e3fd5b671b220040c,108,108,1
1088,5f3ba6203fd5b671b2203614,5f3ba61e3fd5b671b22003d8,108,108,1
1089,5f3ba61f3fd5b671b22016ff,5f3ba61e3fd5b671b220040c,108,108,1
1090,5f3ba61f3fd5b671b22016ff,5f3ba61e3fd5b671b22003d8,108,108,1
1091,5f3ba6203fd5b671b22023f2,5f3ba61e3fd5b671b220040c,108,108,1
1092,5f3ba6203fd5b671b22023f2,5f3ba61e3fd5b671b22003d8,108,108,1
1093,5f3ba6203fd5b671b22037c4,5f3ba61e3fd5b671b220040c,108,108,1
1094,5f3ba6203fd5b671b22037c4,5f3ba61e3fd5b671b22003d8,108,108,1
1095,5f3ba6213fd5b671b22041dd,5f3ba61e3fd5b671b220040c,108,108,1
1096,5f3ba6213fd5b671b22041dd,5f3ba61e3fd5b671b22003d8,108,108,1
1097,5f3ba6213fd5b671b2203e9a,5f3ba61e3fd5b671b220040c,108,108,1
1098,5f3ba6213fd5b671b2203e9a,5f3ba61e3fd5b671b22003d8,108,108,1
1099,5f3ba6213fd5b671b2204073,5f3ba61e3fd5b671b220040c,108,108,1
1100,5f3ba6213fd5b671b2204073,5f3ba61e3fd5b671b22003d8,108,108,1
1101,5f3ba6213fd5b671b220446d,5f3ba61e3fd5b671b220040c,108,108,1
1102,5f3ba6213fd5b671b220446d,5f3ba61e3fd5b671b22003d8,108,108,1
1103,5f3ba61f3fd5b671b2201d72,5f3ba61e3fd5b671b220040c,108,108,1
1104,5f3ba61f3fd5b671b2201d72,5f3ba61e3fd5b671b22003d8,108,108,1
1105,5f3ba6213fd5b671b220441e,5f3ba61e3fd5b671b220040c,108,108,1
1106,5f3ba6213fd5b671b220441e,5f3ba61e3fd5b671b22003d8,108,108,1
1107,5f3ba6203fd5b671b220247c,5f3ba61e3fd5b671b220040c,108,108,1
1108,5f3ba6203fd5b671b220247c,5f3ba61e3fd5b671b22003d8,108,108,1
1109,5f3ba6203fd5b671b2202e31,5f3ba61e3fd5b671b220040c,108,108,1
1110,5f3ba6203fd5b671b2202e31,5f3ba61e3fd5b671b22003d8,108,108,1
1111,5f3ba6203fd5b671b2203794,5f3ba61e3fd5b671b220040c,108,108,1
1112,5f3ba6203fd5b671b2203794,5f3ba61e3fd5b671b22003d8,108,108,1
1113,5f3ba61f3fd5b671b220160e,5f3ba61e3fd5b671b220040c,108,108,1
1114,5f3ba61f3fd5b671b220160e,5f3ba61e3fd5b671b22003d8,108,108,1
1115,5f3ba61f3fd5b671b220182b,5f3ba61e3fd5b671b220040c,108,108,1
1116,5f3ba61f3fd5b671b220182b,5f3ba61e3fd5b671b22003d8,108,108,1
1117,5f3ba61f3fd5b671b2201d84,5f3ba61e3fd5b671b220040c,108,108,1
1118,5f3ba61f3fd5b671b2201d84,5f3ba61e3fd5b671b22003d8,108,108,1
1119,5f3ba6213fd5b671b22049a3,5f3ba61e3fd5b671b220040c,108,108,1
1120,5f3ba6213fd5b671b22049a3,5f3ba61e3fd5b671b22003d8,108,108,1
1121,5f3ba6213fd5b671b2204c41,5f3ba61e3fd5b671b220040c,108,108,1
1122,5f3ba6213fd5b671b2204c41,5f3ba61e3fd5b671b22003d8,108,108,1
1123,5f3ba6203fd5b671b2202560,5f3ba61e3fd5b671b220040c,108,108,1
1124,5f3ba6203fd5b671b2202560,5f3ba61e3fd5b671b22003d8,108,108,1
1125,5f3ba6203fd5b671b2202b43,5f3ba61e3fd5b671b220040c,108,108,1
1126,5f3ba6203fd5b671b2202b43,5f3ba61e3fd5b671b22003d8,108,108,1
1127,5f3ba6213fd5b671b22039bb,5f3ba61e3fd5b671b2200456,415,415,1
1128,5f3ba6203fd5b671b2202564,5f3ba61e3fd5b671b2200456,415,415,1
1129,5f3ba6213fd5b671b2204aa2,5f3ba61e3fd5b671b2200456,415,415,1
1130,5f3ba6203fd5b671b2203221,5f3ba61e3fd5b671b2200456,415,415,1
1131,5f3ba6213fd5b671b2203e42,5f3ba61e3fd5b671b2200456,415,415,1
1132,5f3ba6213fd5b671b22042c2,5f3ba61e3fd5b671b2200456,415,415,1
1133,5f3ba6213fd5b671b22044e5,5f3ba61e3fd5b671b2200456,415,415,1
1134,5f3ba6203fd5b671b220223f,5f3ba61e3fd5b671b2200456,415,415,1
1135,5f3ba6203fd5b671b22022a6,5f3ba61e3fd5b671b2200456,415,415,1
1136,5f3ba6203fd5b671b2202747,5f3ba61e3fd5b671b2200456,415,415,1
1137,5f3ba6213fd5b671b2203db4,5f3ba61e3fd5b671b2200416,190,190,1
1138,5f3ba6213fd5b671b2204b57,5f3ba61e3fd5b671b2200416,190,190,1
1139,5f3ba6203fd5b671b220343b,5f3ba61e3fd5b671b2200416,190,190,1
1140,5f3ba6203fd5b671b22021d5,5f3ba61e3fd5b671b2200416,190,190,1
1141,5f3ba6203fd5b671b2203495,5f3ba61e3fd5b671b2200416,190,190,1
1142,5f3ba6213fd5b671b2204035,5f3ba61e3fd5b671b22003c6,1351,1351,1
1143,5f3ba6213fd5b671b220436f,5f3ba61e3fd5b671b22003c6,1351,1351,1
1144,5f3ba6203fd5b671b2202123,5f3ba61e3fd5b671b22003c6,1351,1351,1
1145,5f3ba6203fd5b671b2202fd5,5f3ba61e3fd5b671b22003c6,1351,1351,1
1146,5f3ba6203fd5b671b2202b27,5f3ba61e3fd5b671b22003c6,1351,1351,1
1147,5f3ba6213fd5b671b2204109,5f3ba61e3fd5b671b22003c6,1351,1351,1
1148,5f3ba6213fd5b671b220437e,5f3ba61e3fd5b671b22003c3,182,182,1
1149,5f3ba6213fd5b671b220437e,5f3ba61e3fd5b671b22003b3,182,182,1
1150,5f3ba61f3fd5b671b220194e,5f3ba61e3fd5b671b22003c3,182,182,1
1151,5f3ba61f3fd5b671b220194e,5f3ba61e3fd5b671b22003b3,182,182,1
1152,5f3ba6213fd5b671b22043a6,5f3ba61e3fd5b671b22003c3,182,182,1
1153,5f3ba6213fd5b671b22043a6,5f3ba61e3fd5b671b22003b3,182,182,1
1154,5f3ba6203fd5b671b220314a,5f3ba61e3fd5b671b22003c3,182,182,1
1155,5f3ba6203fd5b671b220314a,5f3ba61e3fd5b671b22003b3,182,182,1
1156,5f3ba6203fd5b671b2203587,5f3ba61e3fd5b671b22003c3,182,182,1
1157,5f3ba6203fd5b671b2203587,5f3ba61e3fd5b671b22003b3,182,182,1
1158,5f3ba6213fd5b671b2204aae,5f3ba61e3fd5b671b22003c3,182,182,1
1159,5f3ba6213fd5b671b2204aae,5f3ba61e3fd5b671b22003b3,182,182,1
1160,5f3ba6213fd5b671b2204b5b,5f3ba61e3fd5b671b22003c3,182,182,1
1161,5f3ba6213fd5b671b2204b5b,5f3ba61e3fd5b671b22003b3,182,182,1
1162,5f3ba6203fd5b671b220242e,5f3ba61e3fd5b671b22003c3,182,182,1
1163,5f3ba6203fd5b671b220242e,5f3ba61e3fd5b671b22003b3,182,182,1
1164,5f3ba6203fd5b671b2202df1,5f3ba61e3fd5b671b22003c3,182,182,1
1165,5f3ba6203fd5b671b2202df1,5f3ba61e3fd5b671b22003b3,182,182,1
1166,5f3ba61f3fd5b671b22016fe,5f3ba61e3fd5b671b22003c3,182,182,1
1167,5f3ba61f3fd5b671b22016fe,5f3ba61e3fd5b671b22003b3,182,182,1
1168,5f3ba6213fd5b671b220487a,5f3ba61e3fd5b671b22003ab,1217,1217,1
1169,5f3ba6213fd5b671b2204963,5f3ba61e3fd5b671b22003ab,1217,1217,1
1170,5f3ba6213fd5b671b2204bc0,5f3ba61e3fd5b671b22003ab,1217,1217,1
1171,5f3ba6203fd5b671b2202914,5f3ba61e3fd5b671b22003ab,1217,1217,1
1172,5f3ba61f3fd5b671b220170a,5f3ba61e3fd5b671b22003b9,856,856,1
1173,5f3ba6203fd5b671b22023ef,5f3ba61e3fd5b671b22003b9,856,856,1
1174,5f3ba6203fd5b671b2202d7b,5f3ba61e3fd5b671b22003b9,856,856,1
1175,5f3ba61f3fd5b671b22019cc,5f3ba61e3fd5b671b22003b9,856,856,1
1176,5f3ba61f3fd5b671b22015b3,5f3ba61e3fd5b671b22003b9,856,856,1
1177,5f3ba6203fd5b671b220281d,5f3ba61e3fd5b671b22003b9,856,856,1
1178,5f3ba61f3fd5b671b2201ddb,5f3ba61e3fd5b671b220042a,152,152,1
1179,5f3ba61f3fd5b671b2201ddb,5f3ba61e3fd5b671b22003ac,152,152,1
1180,5f3ba6203fd5b671b2202f18,5f3ba61e3fd5b671b220042a,152,152,1
1181,5f3ba6203fd5b671b2202f18,5f3ba61e3fd5b671b22003ac,152,152,1
1182,5f3ba6213fd5b671b2203ca7,5f3ba61e3fd5b671b220042a,152,152,1
1183,5f3ba6213fd5b671b2203ca7,5f3ba61e3fd5b671b22003ac,152,152,1
1184,5f3ba61f3fd5b671b22017ea,5f3ba61e3fd5b671b220042a,152,152,1
1185,5f3ba61f3fd5b671b22017ea,5f3ba61e3fd5b671b22003ac,152,152,1
1186,5f3ba61f3fd5b671b2201b05,5f3ba61e3fd5b671b220042a,152,152,1
1187,5f3ba61f3fd5b671b2201b05,5f3ba61e3fd5b671b22003ac,152,152,1
1188,5f3ba6203fd5b671b22038f4,5f3ba61e3fd5b671b220042a,152,152,1
1189,5f3ba6203fd5b671b22038f4,5f3ba61e3fd5b671b22003ac,152,152,1
1190,5f3ba61f3fd5b671b22016b5,5f3ba61e3fd5b671b220042a,152,152,1
1191,5f3ba61f3fd5b671b22016b5,5f3ba61e3fd5b671b22003ac,152,152,1
1192,5f3ba6203fd5b671b2202c17,5f3ba61e3fd5b671b220042a,152,152,1
1193,5f3ba6203fd5b671b2202c17,5f3ba61e3fd5b671b22003ac,152,152,1
1194,5f3ba6203fd5b671b2202415,5f3ba61e3fd5b671b220042a,152,152,1
1195,5f3ba6203fd5b671b2202415,5f3ba61e3fd5b671b22003ac,152,152,1
1196,5f3ba6203fd5b671b2202bd1,5f3ba61e3fd5b671b220042a,152,152,1
1197,5f3ba6203fd5b671b2202bd1,5f3ba61e3fd5b671b22003ac,152,152,1
1198,5f3ba6203fd5b671b22035fa,5f3ba61e3fd5b671b220042a,152,152,1
1199,5f3ba6203fd5b671b22035fa,5f3ba61e3fd5b671b22003ac,152,152,1
1200,5f3ba6213fd5b671b2204484,5f3ba61e3fd5b671b220042a,152,152,1
1201,5f3ba6213fd5b671b2204484,5f3ba61e3fd5b671b22003ac,152,152,1
1202,5f3ba6203fd5b671b22024e6,5f3ba61e3fd5b671b220042a,152,152,1
1203,5f3ba6203fd5b671b22024e6,5f3ba61e3fd5b671b22003ac,152,152,1
1204,5f3ba6203fd5b671b2202fc8,5f3ba61e3fd5b671b220042a,152,152,1
1205,5f3ba6203fd5b671b2202fc8,5f3ba61e3fd5b671b22003ac,152,152,1
1206,5f3ba6213fd5b671b2204324,5f3ba61e3fd5b671b220042a,152,152,1
1207,5f3ba6213fd5b671b2204324,5f3ba61e3fd5b671b22003ac,152,152,1
1208,5f3ba61f3fd5b671b22017f7,5f3ba61e3fd5b671b220042a,152,152,1
1209,5f3ba61f3fd5b671b22017f7,5f3ba61e3fd5b671b22003ac,152,152,1
1210,5f3ba6203fd5b671b2202d06,5f3ba61e3fd5b671b220042a,152,152,1
1211,5f3ba6203fd5b671b2202d06,5f3ba61e3fd5b671b22003ac,152,152,1
1212,5f3ba6203fd5b671b220234d,5f3ba61e3fd5b671b22003ba,624,624,1
1213,5f3ba6213fd5b671b220437f,5f3ba61e3fd5b671b22003ba,624,624,1
1214,5f3ba6203fd5b671b2202669,5f3ba61e3fd5b671b22003ba,624,624,1
1215,5f3ba6203fd5b671b2202aa1,5f3ba61e3fd5b671b22003f5,113,113,1
1216,5f3ba6203fd5b671b2202aa1,5f3ba61e3fd5b671b220041f,113,113,1
1217,5f3ba6203fd5b671b2202aa1,5f3ba61e3fd5b671b22003ca,113,113,1
1218,5f3ba6213fd5b671b220449d,5f3ba61e3fd5b671b22003f5,113,113,1
1219,5f3ba6213fd5b671b220449d,5f3ba61e3fd5b671b220041f,113,113,1
1220,5f3ba6213fd5b671b220449d,5f3ba61e3fd5b671b22003ca,113,113,1
1221,5f3ba6203fd5b671b2203051,5f3ba61e3fd5b671b22003cf,1605,1605,1
1222,5f3ba6203fd5b671b22033ee,5f3ba61e3fd5b671b2200418,147,147,1
1223,5f3ba6213fd5b671b2204419,5f3ba61e3fd5b671b2200418,147,147,1
1224,5f3ba6213fd5b671b2203bd9,5f3ba61e3fd5b671b2200418,147,147,1
1225,5f3ba61f3fd5b671b2201c1b,5f3ba61e3fd5b671b2200418,147,147,1
1226,5f3ba6203fd5b671b2202192,5f3ba61e3fd5b671b2200418,147,147,1
1227,5f3ba61f3fd5b671b220204b,5f3ba61e3fd5b671b2200418,147,147,1
1228,5f3ba6203fd5b671b2202def,5f3ba61e3fd5b671b2200418,147,147,1
1229,5f3ba6203fd5b671b2203204,5f3ba61e3fd5b671b2200418,147,147,1
1230,5f3ba6213fd5b671b220498a,5f3ba61e3fd5b671b2200418,147,147,1
1231,5f3ba6213fd5b671b2204799,5f3ba61e3fd5b671b2200418,147,147,1
1232,5f3ba6213fd5b671b2203d5c,5f3ba61e3fd5b671b22003ee,141,141,1
1233,5f3ba6213fd5b671b2203d5c,5f3ba61e3fd5b671b22003f3,141,141,1
1234,5f3ba6203fd5b671b220305f,5f3ba61e3fd5b671b22003ee,141,141,1
1235,5f3ba6203fd5b671b220305f,5f3ba61e3fd5b671b22003f3,141,141,1
1236,5f3ba61f3fd5b671b22016a7,5f3ba61e3fd5b671b22003ee,141,141,1
1237,5f3ba61f3fd5b671b22016a7,5f3ba61e3fd5b671b22003f3,141,141,1
1238,5f3ba6203fd5b671b2202664,5f3ba61e3fd5b671b22003ee,141,141,1
1239,5f3ba6203fd5b671b2202664,5f3ba61e3fd5b671b22003f3,141,141,1
1240,5f3ba6213fd5b671b2204526,5f3ba61e3fd5b671b22003ee,141,141,1
1241,5f3ba6213fd5b671b2204526,5f3ba61e3fd5b671b22003f3,141,141,1
1242,5f3ba6203fd5b671b2202fe6,5f3ba61e3fd5b671b22003ee,141,141,1
1243,5f3ba6203fd5b671b2202fe6,5f3ba61e3fd5b671b22003f3,141,141,1
1244,5f3ba6213fd5b671b2204608,5f3ba61e3fd5b671b22003d3,913,913,1
1245,5f3ba61f3fd5b671b2201958,5f3ba61e3fd5b671b22003d3,913,913,1
1246,5f3ba6203fd5b671b220285f,5f3ba61e3fd5b671b22003d3,913,913,1
1247,5f3ba6213fd5b671b2204a77,5f3ba61e3fd5b671b220041a,950,950,1
1248,5f3ba6213fd5b671b2204a77,5f3ba61e3fd5b671b220044a,950,950,1
1249,5f3ba6213fd5b671b2203997,5f3ba61e3fd5b671b220041a,950,950,1
1250,5f3ba6213fd5b671b2203997,5f3ba61e3fd5b671b220044a,950,950,1
1251,5f3ba6203fd5b671b2202c90,5f3ba61e3fd5b671b220041a,950,950,1
1252,5f3ba6203fd5b671b2202c90,5f3ba61e3fd5b671b220044a,950,950,1
1253,5f3ba6203fd5b671b220318c,5f3ba61e3fd5b671b220041a,950,950,1
1254,5f3ba6203fd5b671b220318c,5f3ba61e3fd5b671b220044a,950,950,1
1255,5f3ba6213fd5b671b2204289,5f3ba61e3fd5b671b220041a,950,950,1
1256,5f3ba6213fd5b671b2204289,5f3ba61e3fd5b671b220044a,950,950,1
1257,5f3ba6203fd5b671b2202bfa,5f3ba61e3fd5b671b22003e1,838,838,1
1258,5f3ba6203fd5b671b22032d8,5f3ba61e3fd5b671b22003c8,17,17,1
1259,5f3ba6203fd5b671b22032d8,5f3ba61e3fd5b671b220042c,17,17,1
1260,5f3ba6203fd5b671b2202595,5f3ba61e3fd5b671b22003c8,17,17,1
1261,5f3ba6203fd5b671b2202595,5f3ba61e3fd5b671b220042c,17,17,1
1262,5f3ba6213fd5b671b220401a,5f3ba61e3fd5b671b22003c8,17,17,1
1263,5f3ba6213fd5b671b220401a,5f3ba61e3fd5b671b220042c,17,17,1
1264,5f3ba6203fd5b671b22022d8,5f3ba61e3fd5b671b22003c8,17,17,1
1265,5f3ba6203fd5b671b22022d8,5f3ba61e3fd5b671b220042c,17,17,1
1266,5f3ba6213fd5b671b2204760,5f3ba61e3fd5b671b22003c8,17,17,1
1267,5f3ba6213fd5b671b2204760,5f3ba61e3fd5b671b220042c,17,17,1
1268,5f3ba61f3fd5b671b2201aa4,5f3ba61e3fd5b671b22003c8,17,17,1
1269,5f3ba61f3fd5b671b2201aa4,5f3ba61e3fd5b671b220042c,17,17,1
1270,5f3ba6213fd5b671b2203e83,5f3ba61e3fd5b671b22003c8,17,17,1
1271,5f3ba6213fd5b671b2203e83,5f3ba61e3fd5b671b220042c,17,17,1
1272,5f3ba6213fd5b671b220461b,5f3ba61e3fd5b671b22003c8,17,17,1
1273,5f3ba6213fd5b671b220461b,5f3ba61e3fd5b671b220042c,17,17,1
1274,5f3ba6203fd5b671b2202718,5f3ba61e3fd5b671b22003c8,17,17,1
1275,5f3ba6203fd5b671b2202718,5f3ba61e3fd5b671b220042c,17,17,1
1276,5f3ba6213fd5b671b2204294,5f3ba61e3fd5b671b22003c8,17,17,1
1277,5f3ba6213fd5b671b2204294,5f3ba61e3fd5b671b220042c,17,17,1
1278,5f3ba6213fd5b671b2203ce6,5f3ba61e3fd5b671b22003bc,668,668,1
1279,5f3ba6213fd5b671b2204a7b,5f3ba61e3fd5b671b22003bc,668,668,1
1280,5f3ba6213fd5b671b2203d41,5f3ba61e3fd5b671b2200427,3,3,1
1281,5f3ba6203fd5b671b2202928,5f3ba61e3fd5b671b2200427,3,3,1
1282,5f3ba6203fd5b671b22029e9,5f3ba61e3fd5b671b2200427,3,3,1
1283,5f3ba61f3fd5b671b2201e50,5f3ba61e3fd5b671b2200427,3,3,1
1284,5f3ba6213fd5b671b2204609,5f3ba61e3fd5b671b2200427,3,3,1
1285,5f3ba6203fd5b671b2202d27,5f3ba61e3fd5b671b2200427,3,3,1
1286,5f3ba6203fd5b671b2202cb7,5f3ba61e3fd5b671b2200427,3,3,1
1287,5f3ba6203fd5b671b2202d96,5f3ba61e3fd5b671b2200427,3,3,1
1288,5f3ba6213fd5b671b2203e55,5f3ba61e3fd5b671b2200455,142,142,1
1289,5f3ba6213fd5b671b22041e2,5f3ba61e3fd5b671b22003dd,604,604,1
1290,5f3ba6213fd5b671b22041e2,5f3ba61e3fd5b671b2200414,604,604,1
1291,5f3ba6203fd5b671b2202ad3,5f3ba61e3fd5b671b22003dd,604,604,1
1292,5f3ba6203fd5b671b2202ad3,5f3ba61e3fd5b671b2200414,604,604,1
1293,5f3ba6213fd5b671b2204ba0,5f3ba61e3fd5b671b22003dd,604,604,1
1294,5f3ba6213fd5b671b2204ba0,5f3ba61e3fd5b671b2200414,604,604,1
1295,5f3ba6213fd5b671b22048f4,5f3ba61e3fd5b671b22003dd,604,604,1
1296,5f3ba6213fd5b671b22048f4,5f3ba61e3fd5b671b2200414,604,604,1
1297,5f3ba6203fd5b671b22029c1,5f3ba61e3fd5b671b22003dd,604,604,1
1298,5f3ba6203fd5b671b22029c1,5f3ba61e3fd5b671b2200414,604,604,1
1299,5f3ba6213fd5b671b2204258,5f3ba61e3fd5b671b2200439,325,325,1
1300,5f3ba6213fd5b671b22046d2,5f3ba61e3fd5b671b2200439,325,325,1
1301,5f3ba6203fd5b671b22027dd,5f3ba61e3fd5b671b2200439,325,325,1
1302,5f3ba6203fd5b671b22020f4,5f3ba61e3fd5b671b220042e,205,205,1
1303,5f3ba6203fd5b671b22020f4,5f3ba61e3fd5b671b220044d,205,205,1
1304,5f3ba6203fd5b671b220285c,5f3ba61e3fd5b671b220042e,205,205,1
1305,5f3ba6203fd5b671b220285c,5f3ba61e3fd5b671b220044d,205,205,1
1306,5f3ba6203fd5b671b22027ea,5f3ba61e3fd5b671b220042e,205,205,1
1307,5f3ba6203fd5b671b22027ea,5f3ba61e3fd5b671b220044d,205,205,1
1308,5f3ba6203fd5b671b2202e1f,5f3ba61e3fd5b671b220042e,205,205,1
1309,5f3ba6203fd5b671b2202e1f,5f3ba61e3fd5b671b220044d,205,205,1
1310,5f3ba61f3fd5b671b2201b0f,5f3ba61e3fd5b671b220042e,205,205,1
1311,5f3ba61f3fd5b671b2201b0f,5f3ba61e3fd5b671b220044d,205,205,1
1312,5f3ba6213fd5b671b2203e23,5f3ba61e3fd5b671b220042e,205,205,1
1313,5f3ba6213fd5b671b2203e23,5f3ba61e3fd5b671b220044d,205,205,1
1314,5f3ba6213fd5b671b220478c,5f3ba61e3fd5b671b220042e,205,205,1
1315,5f3ba6213fd5b671b220478c,5f3ba61e3fd5b671b220044d,205,205,1
1316,5f3ba6203fd5b671b2202408,5f3ba61e3fd5b671b22003e6,23,23,1
1317,5f3ba61f3fd5b671b2201774,5f3ba61e3fd5b671b22003e6,23,23,1
1318,5f3ba61f3fd5b671b2201730,5f3ba61e3fd5b671b22003e6,23,23,1
1319,5f3ba6203fd5b671b2202cdd,5f3ba61e3fd5b671b22003e6,23,23,1
1320,5f3ba6213fd5b671b2203bc9,5f3ba61e3fd5b671b2200424,47,47,1
1321,5f3ba6213fd5b671b2203bc9,5f3ba61e3fd5b671b22003bd,47,47,1
1322,5f3ba61f3fd5b671b2201a6f,5f3ba61e3fd5b671b2200424,47,47,1
1323,5f3ba61f3fd5b671b2201a6f,5f3ba61e3fd5b671b22003bd,47,47,1
1324,5f3ba6213fd5b671b2203eb3,5f3ba61e3fd5b671b2200428,938,938,1
1325,5f3ba6213fd5b671b2204a45,5f3ba61e3fd5b671b2200428,938,938,1
1326,5f3ba6213fd5b671b2204904,5f3ba61e3fd5b671b2200428,938,938,1
1327,5f3ba6203fd5b671b220240a,5f3ba61e3fd5b671b2200428,938,938,1
1328,5f3ba6213fd5b671b2204727,5f3ba61e3fd5b671b2200428,938,938,1
1329,5f3ba61f3fd5b671b22016ca,5f3ba61e3fd5b671b2200428,938,938,1
1330,5f3ba6213fd5b671b2204648,5f3ba61e3fd5b671b220042b,1621,1621,1
1331,5f3ba6213fd5b671b2204c33,5f3ba61e3fd5b671b22003c9,134,134,1
1332,5f3ba6203fd5b671b2202c8e,5f3ba61e3fd5b671b22003c9,134,134,1
1333,5f3ba61f3fd5b671b2201fd7,5f3ba61e3fd5b671b22003c2,56,56,1
1334,5f3ba61f3fd5b671b2201fd7,5f3ba61e3fd5b671b22003e5,56,56,1
1335,5f3ba6213fd5b671b22043a0,5f3ba61e3fd5b671b22003c2,56,56,1
1336,5f3ba6213fd5b671b22043a0,5f3ba61e3fd5b671b22003e5,56,56,1
1337,5f3ba6203fd5b671b2202ac8,5f3ba61e3fd5b671b22003c2,56,56,1
1338,5f3ba6203fd5b671b2202ac8,5f3ba61e3fd5b671b22003e5,56,56,1
1339,5f3ba6203fd5b671b22025e3,5f3ba61e3fd5b671b2200453,1064,1064,1
1340,5f3ba6203fd5b671b220287e,5f3ba61e3fd5b671b2200453,1064,1064,1
1341,5f3ba6203fd5b671b220308d,5f3ba61e3fd5b671b220043e,1030,1030,1
1342,5f3ba6203fd5b671b220308d,5f3ba61e3fd5b671b22003b8,1030,1030,1
1343,5f3ba61f3fd5b671b2201b4c,5f3ba61e3fd5b671b220043e,1030,1030,1
1344,5f3ba61f3fd5b671b2201b4c,5f3ba61e3fd5b671b22003b8,1030,1030,1
1345,5f3ba6203fd5b671b22030a2,5f3ba61e3fd5b671b220043e,1030,1030,1
1346,5f3ba6203fd5b671b22030a2,5f3ba61e3fd5b671b22003b8,1030,1030,1
1347,5f3ba6203fd5b671b2202e8a,5f3ba61e3fd5b671b2200445,164,164,1
1348,5f3ba6203fd5b671b2202e8a,5f3ba61e3fd5b671b22003c1,164,164,1
1349,5f3ba6213fd5b671b2204491,5f3ba61e3fd5b671b2200445,164,164,1
1350,5f3ba6213fd5b671b2204491,5f3ba61e3fd5b671b22003c1,164,164,1
1351,5f3ba6203fd5b671b22032d6,5f3ba61e3fd5b671b2200445,164,164,1
1352,5f3ba6203fd5b671b22032d6,5f3ba61e3fd5b671b22003c1,164,164,1
1353,5f3ba6203fd5b671b2202193,5f3ba61e3fd5b671b2200445,164,164,1
1354,5f3ba6203fd5b671b2202193,5f3ba61e3fd5b671b22003c1,164,164,1
1355,5f3ba6213fd5b671b2203cd2,5f3ba61e3fd5b671b2200410,1181,1181,1
1356,5f3ba6203fd5b671b220259e,5f3ba61e3fd5b671b2200410,1181,1181,1
1357,5f3ba6203fd5b671b2203593,5f3ba61e3fd5b671b2200410,1181,1181,1
1358,5f3ba6213fd5b671b2204970,5f3ba61e3fd5b671b22003bf,69,69,1
1359,5f3ba61f3fd5b671b220172c,5f3ba61e3fd5b671b22003bf,69,69,1
1360,5f3ba6213fd5b671b22042e8,5f3ba61e3fd5b671b22003bf,69,69,1
1361,5f3ba6213fd5b671b2203aa7,5f3ba61e3fd5b671b22003bf,69,69,1
1362,5f3ba6203fd5b671b22023e8,5f3ba61e3fd5b671b220042f,184,184,1
1363,5f3ba6213fd5b671b2204944,5f3ba61e3fd5b671b220042f,184,184,1
1364,5f3ba6203fd5b671b22027fb,5f3ba61e3fd5b671b22003db,57,57,1
1365,5f3ba6203fd5b671b22037ae,5f3ba61e3fd5b671b2200452,34,34,1
1366,5f3ba6203fd5b671b2202816,5f3ba61e3fd5b671b2200452,34,34,1
1367,5f3ba6213fd5b671b22046eb,5f3ba61e3fd5b671b22003da,904,904,1
1368,5f3ba61f3fd5b671b220187c,5f3ba61e3fd5b671b22003d6,1619,1619,1
1369,5f3ba61f3fd5b671b220187c,5f3ba61e3fd5b671b2200404,1619,1619,1
1370,5f3ba61f3fd5b671b2201da3,5f3ba61e3fd5b671b220044b,654,654,1
