,record_compared_1,record_compared_2,MPN_Liste_TruncateBegin20,EAN_Liste_TruncateBegin20,Produktname_dic3,Modell_Liste_3g,Digital_zoom_NumMaxProz30,optischer_zoom_NumMaxProz30,Breite_NumMaxProz30,HÃ¶he_NumMaxProz30,Gewicht_NumMaxProz30,Sensortyp_Jaccard3,is_match,pred,probabilties_0,probabilties_1
0,5f3ba61e3fd5b671b220080f,5f3ba61e3fd5b671b22002bf,2,2,0.5454545454545454,0.25,2.0,0.0,2,2,2,0.1,0.0,0,0.99610114,0.0038988707
1,5f3ba61e3fd5b671b220080f,5f3ba61e3fd5b671b22002ed,2,2,0.6363636363636364,1.0,2.0,1.0,2,2,2,0.375,1.0,1,0.010076582,0.9899234
2,5f3ba61f3fd5b671b2200b02,5f3ba61e3fd5b671b22002bf,2,2,0.631578947368421,0.25,0.0,0.0,2,2,2,2.0,0.0,0,0.99610114,0.0038988707
3,5f3ba61f3fd5b671b2200b02,5f3ba61e3fd5b671b22002ed,2,2,0.631578947368421,0.25,0.0,0.0,2,2,2,2.0,0.0,0,0.99610114,0.0038988707
4,5f3ba61e3fd5b671b2200917,5f3ba61e3fd5b671b22002bf,2,2,0.7659574468085106,0.2222222222222222,2.0,0.0,2,2,2,0.1,0.0,0,0.99610114,0.0038988707
5,5f3ba61e3fd5b671b2200917,5f3ba61e3fd5b671b22002ed,2,2,0.8936170212765957,0.8333333333333334,2.0,1.0,2,2,2,0.375,0.0,1,0.010076582,0.9899234
6,5f3ba61e3fd5b671b2200817,5f3ba61e3fd5b671b2200271,2,2,0.4864864864864865,0.2,2.0,2.0,2,2,2,1.0,0.0,0,0.9290794,0.07092062
7,5f3ba61f3fd5b671b2200b26,5f3ba61e3fd5b671b2200271,2,2,0.5555555555555556,0.6666666666666666,2.0,2.0,2,2,2,2.0,0.0,1,0.011775613,0.9882244
8,5f3ba61f3fd5b671b2200a3b,5f3ba61e3fd5b671b2200271,2,2,0.3396226415094339,0.1666666666666666,2.0,2.0,2,2,2,2.0,0.0,0,0.9951678,0.0048322044
9,5f3ba61f3fd5b671b2200a71,5f3ba61e3fd5b671b2200271,2,2,0.36,0.1666666666666666,2.0,2.0,2,2,2,2.0,0.0,0,0.9933389,0.0066611273
10,5f3ba61f3fd5b671b2200a7f,5f3ba61e3fd5b671b2200271,2,2,0.4864864864864865,0.2,2.0,2.0,2,2,2,1.0,0.0,0,0.9290794,0.07092062
11,5f3ba61f3fd5b671b220097c,5f3ba61e3fd5b671b2200271,2,2,0.4864864864864865,0.2,2.0,2.0,2,2,2,1.0,0.0,0,0.9290794,0.07092062
12,5f3ba61f3fd5b671b2200a35,5f3ba61e3fd5b671b2200271,2,2,0.4285714285714285,0.2,2.0,2.0,2,2,2,2.0,0.0,0,0.9688723,0.031127699
13,5f3ba61e3fd5b671b220081c,5f3ba61e3fd5b671b220036b,2,2,0.7878787878787878,1.0,2.0,1.0,2,2,2,1.0,1.0,1,0.010076582,0.9899234
14,5f3ba61e3fd5b671b220081c,5f3ba61e3fd5b671b2200396,2,2,0.7878787878787878,1.0,2.0,1.0,2,2,2,1.0,1.0,1,0.010076582,0.9899234
15,5f3ba61e3fd5b671b2200825,5f3ba61e3fd5b671b22002ab,2,2,0.7368421052631579,0.0,2.0,2.0,2,2,2,1.0,0.0,0,0.99793035,0.0020696593
16,5f3ba61e3fd5b671b2200825,5f3ba61e3fd5b671b2200241,2,2,1.0,1.0,2.0,2.0,2,2,2,1.0,1.0,1,0.010076582,0.9899234
17,5f3ba61e3fd5b671b2200833,5f3ba61e3fd5b671b22002de,2,2,0.5517241379310345,0.1666666666666666,0.0,0.0,2,2,2,2.0,0.0,0,0.99610114,0.0038988707
18,5f3ba61e3fd5b671b2200833,5f3ba61e3fd5b671b22002ce,2,2,0.5517241379310345,0.1666666666666666,0.0,0.0,2,2,2,2.0,0.0,0,0.99610114,0.0038988707
19,5f3ba61e3fd5b671b2200833,5f3ba61e3fd5b671b2200328,2,2,0.5517241379310345,0.1666666666666666,0.0,0.0,2,2,2,2.0,0.0,0,0.99610114,0.0038988707
20,5f3ba61e3fd5b671b2200833,5f3ba61e3fd5b671b220038b,2,2,0.5517241379310345,0.1666666666666666,0.0,0.0,2,2,2,2.0,0.0,0,0.99610114,0.0038988707
21,5f3ba61e3fd5b671b2200833,5f3ba61e3fd5b671b22002b4,2,2,0.5517241379310345,0.1666666666666666,0.0,0.0,2,2,2,2.0,0.0,0,0.99610114,0.0038988707
22,5f3ba61e3fd5b671b2200841,5f3ba61e3fd5b671b2200334,2,2,0.2040816326530612,0.0,2.0,0.0,2,2,2,2.0,0.0,0,0.99677235,0.0032276683
23,5f3ba61e3fd5b671b2200841,5f3ba61e3fd5b671b22002ad,2,2,0.2040816326530612,0.0,2.0,2.0,2,2,2,2.0,0.0,0,0.99640864,0.003591377
24,5f3ba61e3fd5b671b2200841,5f3ba61e3fd5b671b2200374,2,2,0.2040816326530612,0.0,2.0,0.8924731182795698,2,2,2,2.0,0.0,0,0.99677235,0.0032276683
25,5f3ba61f3fd5b671b22009eb,5f3ba61e3fd5b671b2200334,2,2,1.0,1.0,2.0,2.0,2,2,2,1.0,1.0,1,0.010076582,0.9899234
26,5f3ba61f3fd5b671b22009eb,5f3ba61e3fd5b671b22002ad,2,2,1.0,1.0,2.0,2.0,2,2,2,1.0,1.0,1,0.010076582,0.9899234
27,5f3ba61f3fd5b671b22009eb,5f3ba61e3fd5b671b2200374,2,2,1.0,1.0,2.0,2.0,2,2,2,1.0,1.0,1,0.010076582,0.9899234
28,5f3ba61f3fd5b671b2200a42,5f3ba61e3fd5b671b2200334,2,2,1.0,1.0,2.0,2.0,2,2,2,2.0,1.0,1,0.011775613,0.9882244
29,5f3ba61f3fd5b671b2200a42,5f3ba61e3fd5b671b22002ad,2,2,1.0,1.0,2.0,2.0,2,2,2,2.0,1.0,1,0.011775613,0.9882244
30,5f3ba61f3fd5b671b2200a42,5f3ba61e3fd5b671b2200374,2,2,1.0,1.0,2.0,2.0,2,2,2,2.0,1.0,1,0.011775613,0.9882244
31,5f3ba61e3fd5b671b2200873,5f3ba61e3fd5b671b2200284,2,2,0.6060606060606061,0.1666666666666666,2.0,2.0,2,2,2,0.0666666666666666,1.0,0,0.9972549,0.0027450898
32,5f3ba61e3fd5b671b220087e,5f3ba61e3fd5b671b2200399,2,2,0.3829787234042553,0.1111111111111111,1.0,0.0,2,2,2,0.3333333333333333,0.0,0,0.9911012,0.008898822
33,5f3ba61e3fd5b671b2200897,5f3ba61e3fd5b671b2200399,2,2,0.3829787234042553,0.1111111111111111,1.0,0.0,2,2,2,0.3333333333333333,0.0,0,0.9911012,0.008898822
34,5f3ba61e3fd5b671b22008e6,5f3ba61e3fd5b671b220030d,2,2,0.3125,0.0,2.0,2.0,2,2,2,1.0,0.0,0,0.99640864,0.003591377
35,5f3ba61f3fd5b671b2200a24,5f3ba61e3fd5b671b220030d,2,2,0.2083333333333333,0.0,2.0,2.0,2,2,2,0.1,0.0,0,0.99640864,0.003591377
36,5f3ba61e3fd5b671b2200948,5f3ba61e3fd5b671b220030d,2,2,0.1724137931034483,0.0,2.0,2.0,2,2,2,0.1,0.0,0,0.99640864,0.003591377
37,5f3ba61e3fd5b671b2200830,5f3ba61e3fd5b671b220030d,2,2,0.4727272727272727,0.1666666666666666,2.0,2.0,2,2,2,2.0,0.0,0,0.9290794,0.07092062
38,5f3ba61f3fd5b671b2200a4b,5f3ba61e3fd5b671b220030d,2,2,0.1724137931034483,0.0,2.0,2.0,2,2,2,0.1,0.0,0,0.99640864,0.003591377
39,5f3ba61e3fd5b671b22008f6,5f3ba61e3fd5b671b2200327,2,2,0.5925925925925926,1.0,1.0,0.0,2,2,2,2.0,1.0,1,0.011775613,0.9882244
40,5f3ba61e3fd5b671b22008f7,5f3ba61e3fd5b671b2200352,2,2,0.8636363636363636,0.1428571428571428,2.0,2.0,2,2,2,2.0,0.0,0,0.9824995,0.017500537
41,5f3ba61e3fd5b671b22008f7,5f3ba61e3fd5b671b2200355,2,2,1.0,1.0,2.0,2.0,2,2,2,2.0,1.0,1,0.011775613,0.9882244
42,5f3ba61f3fd5b671b2200a17,5f3ba61e3fd5b671b2200352,2,2,0.8636363636363636,0.1428571428571428,2.0,2.0,2,2,2,2.0,0.0,0,0.9824995,0.017500537
43,5f3ba61f3fd5b671b2200a17,5f3ba61e3fd5b671b2200355,2,2,1.0,1.0,2.0,2.0,2,2,2,2.0,1.0,1,0.011775613,0.9882244
44,5f3ba61e3fd5b671b22008ee,5f3ba61e3fd5b671b2200352,2,2,0.4651162790697674,0.125,1.0,0.0,2,2,2,2.0,0.0,0,0.9911012,0.008898822
45,5f3ba61e3fd5b671b22008ee,5f3ba61e3fd5b671b2200355,2,2,0.4651162790697674,0.125,1.0,2.0,2,2,2,2.0,0.0,0,0.98525643,0.014743554
46,5f3ba61f3fd5b671b2200a26,5f3ba61e3fd5b671b2200352,2,2,0.8181818181818182,0.1428571428571428,2.0,0.0,2,2,2,2.0,0.0,0,0.9881793,0.011820671
47,5f3ba61f3fd5b671b2200a26,5f3ba61e3fd5b671b2200355,2,2,0.8181818181818182,0.1428571428571428,2.0,2.0,2,2,2,2.0,0.0,0,0.9824995,0.017500537
48,5f3ba61f3fd5b671b2200996,5f3ba61e3fd5b671b2200352,2,2,0.4651162790697674,0.125,1.0,0.0,2,2,2,2.0,0.0,0,0.9911012,0.008898822
49,5f3ba61f3fd5b671b2200996,5f3ba61e3fd5b671b2200355,2,2,0.4651162790697674,0.125,1.0,2.0,2,2,2,2.0,0.0,0,0.98525643,0.014743554
50,5f3ba61f3fd5b671b2200ae1,5f3ba61e3fd5b671b2200352,2,2,0.7692307692307693,1.0,2.0,0.9122807017543862,2,2,2,0.375,1.0,1,0.010076582,0.9899234
51,5f3ba61f3fd5b671b2200ae1,5f3ba61e3fd5b671b2200355,2,2,0.6538461538461539,0.1428571428571428,2.0,2.0,2,2,2,1.0,0.0,0,0.99286693,0.0071330466
52,5f3ba61e3fd5b671b2200942,5f3ba61e3fd5b671b220038c,2,2,0.723404255319149,0.125,1.0,0.3333333333333333,2,2,2,2.0,0.0,0,0.99812496,0.0018750447
53,5f3ba61e3fd5b671b2200942,5f3ba61e3fd5b671b2200258,2,2,0.723404255319149,0.125,2.0,2.0,2,2,2,2.0,0.0,0,0.99793035,0.0020696593
54,5f3ba61e3fd5b671b2200942,5f3ba61e3fd5b671b220031a,2,2,0.7083333333333334,0.1111111111111111,1.0,0.0,2,2,2,2.0,0.0,0,0.99812496,0.0018750447
55,5f3ba61e3fd5b671b2200942,5f3ba61e3fd5b671b2200246,2,2,0.723404255319149,0.125,1.0,0.3333333333333333,2,2,2,2.0,0.0,0,0.99812496,0.0018750447
56,5f3ba61e3fd5b671b2200942,5f3ba61e3fd5b671b22002a3,2,2,0.7346938775510204,0.1,2.0,2.0,2,2,2,2.0,0.0,0,0.99793035,0.0020696593
57,5f3ba61e3fd5b671b2200942,5f3ba61e3fd5b671b2200390,2,2,0.723404255319149,0.125,1.0,0.0,2,2,2,2.0,0.0,0,0.99812496,0.0018750447
58,5f3ba61e3fd5b671b2200942,5f3ba61e3fd5b671b22002e9,2,2,0.6938775510204082,0.1,1.0,2.0,2,2,2,2.0,0.0,0,0.99793035,0.0020696593
59,5f3ba61e3fd5b671b220080d,5f3ba61e3fd5b671b220038c,2,2,0.8181818181818182,0.1428571428571428,1.0,0.0,2,2,2,0.1,0.0,0,0.9951984,0.0048015476
60,5f3ba61e3fd5b671b220080d,5f3ba61e3fd5b671b2200258,2,2,0.8636363636363636,0.3333333333333333,2.0,2.0,2,2,2,2.0,0.0,0,0.96218824,0.037811752
61,5f3ba61e3fd5b671b220080d,5f3ba61e3fd5b671b220031a,2,2,0.7555555555555555,0.125,1.0,0.0,2,2,2,0.375,0.0,0,0.99812496,0.0018750447
62,5f3ba61e3fd5b671b220080d,5f3ba61e3fd5b671b2200246,2,2,0.8181818181818182,0.1428571428571428,1.0,0.0,2,2,2,0.1,0.0,0,0.9951984,0.0048015476
63,5f3ba61e3fd5b671b220080d,5f3ba61e3fd5b671b22002a3,2,2,0.782608695652174,0.25,2.0,2.0,2,2,2,1.0,0.0,0,0.9972549,0.0027450898
64,5f3ba61e3fd5b671b220080d,5f3ba61e3fd5b671b2200390,2,2,0.8181818181818182,0.1428571428571428,1.0,0.0,2,2,2,0.375,0.0,0,0.9951984,0.0048015476
65,5f3ba61e3fd5b671b220080d,5f3ba61e3fd5b671b22002e9,2,2,0.782608695652174,0.25,1.0,2.0,2,2,2,1.0,0.0,0,0.9972549,0.0027450898
66,5f3ba61e3fd5b671b220084d,5f3ba61e3fd5b671b220038c,2,2,0.7346938775510204,0.125,0.0,0.0,2,2,2,2.0,0.0,0,0.99812496,0.0018750447
67,5f3ba61e3fd5b671b220084d,5f3ba61e3fd5b671b2200258,2,2,0.7346938775510204,0.125,2.0,2.0,2,2,2,2.0,0.0,0,0.99793035,0.0020696593
68,5f3ba61e3fd5b671b220084d,5f3ba61e3fd5b671b220031a,2,2,0.68,0.1111111111111111,0.0,0.0,2,2,2,2.0,0.0,0,0.99812496,0.0018750447
69,5f3ba61e3fd5b671b220084d,5f3ba61e3fd5b671b2200246,2,2,0.7346938775510204,0.125,0.0,0.0,2,2,2,2.0,0.0,0,0.99812496,0.0018750447
70,5f3ba61e3fd5b671b220084d,5f3ba61e3fd5b671b22002a3,2,2,0.6666666666666666,0.1,2.0,2.0,2,2,2,2.0,0.0,0,0.99793035,0.0020696593
71,5f3ba61e3fd5b671b220084d,5f3ba61e3fd5b671b2200390,2,2,0.7346938775510204,0.125,0.0,0.0,2,2,2,2.0,0.0,0,0.99812496,0.0018750447
72,5f3ba61e3fd5b671b220084d,5f3ba61e3fd5b671b22002e9,2,2,0.6666666666666666,0.1,0.0,2.0,2,2,2,2.0,0.0,0,0.99793035,0.0020696593
73,5f3ba61f3fd5b671b22009a2,5f3ba61e3fd5b671b220038c,2,2,0.723404255319149,0.125,1.0,0.3333333333333333,2,2,2,2.0,0.0,0,0.99812496,0.0018750447
74,5f3ba61f3fd5b671b22009a2,5f3ba61e3fd5b671b2200258,2,2,0.723404255319149,0.125,2.0,2.0,2,2,2,2.0,0.0,0,0.99793035,0.0020696593
75,5f3ba61f3fd5b671b22009a2,5f3ba61e3fd5b671b220031a,2,2,0.7083333333333334,0.1111111111111111,1.0,0.0,2,2,2,2.0,0.0,0,0.99812496,0.0018750447
76,5f3ba61f3fd5b671b22009a2,5f3ba61e3fd5b671b2200246,2,2,0.723404255319149,0.125,1.0,0.3333333333333333,2,2,2,2.0,0.0,0,0.99812496,0.0018750447
77,5f3ba61f3fd5b671b22009a2,5f3ba61e3fd5b671b22002a3,2,2,0.7346938775510204,0.1,2.0,2.0,2,2,2,2.0,0.0,0,0.99793035,0.0020696593
78,5f3ba61f3fd5b671b22009a2,5f3ba61e3fd5b671b2200390,2,2,0.723404255319149,0.125,1.0,0.0,2,2,2,2.0,0.0,0,0.99812496,0.0018750447
79,5f3ba61f3fd5b671b22009a2,5f3ba61e3fd5b671b22002e9,2,2,0.6938775510204082,0.1,1.0,2.0,2,2,2,2.0,0.0,0,0.99793035,0.0020696593
80,5f3ba61f3fd5b671b2200a11,5f3ba61e3fd5b671b220038c,2,2,0.8181818181818182,0.1428571428571428,1.0,2.0,2,2,2,2.0,0.0,0,0.9824995,0.017500537
81,5f3ba61f3fd5b671b2200a11,5f3ba61e3fd5b671b2200258,2,2,0.8636363636363636,0.3333333333333333,2.0,2.0,2,2,2,2.0,0.0,0,0.96218824,0.037811752
82,5f3ba61f3fd5b671b2200a11,5f3ba61e3fd5b671b220031a,2,2,0.7555555555555555,0.125,1.0,2.0,2,2,2,2.0,0.0,0,0.99793035,0.0020696593
83,5f3ba61f3fd5b671b2200a11,5f3ba61e3fd5b671b2200246,2,2,0.8181818181818182,0.1428571428571428,1.0,2.0,2,2,2,2.0,0.0,0,0.9824995,0.017500537
84,5f3ba61f3fd5b671b2200a11,5f3ba61e3fd5b671b22002a3,2,2,0.782608695652174,0.25,2.0,2.0,2,2,2,2.0,0.0,0,0.9972549,0.0027450898
85,5f3ba61f3fd5b671b2200a11,5f3ba61e3fd5b671b2200390,2,2,0.8181818181818182,0.1428571428571428,1.0,2.0,2,2,2,2.0,0.0,0,0.9824995,0.017500537
86,5f3ba61f3fd5b671b2200a11,5f3ba61e3fd5b671b22002e9,2,2,0.782608695652174,0.25,1.0,2.0,2,2,2,2.0,0.0,0,0.9972549,0.0027450898
87,5f3ba61e3fd5b671b2200922,5f3ba61e3fd5b671b220038c,2,2,0.56,0.8,2.0,1.0,2,2,2,1.0,0.0,1,0.010076582,0.9899234
88,5f3ba61e3fd5b671b2200922,5f3ba61e3fd5b671b2200258,2,2,0.44,0.125,2.0,2.0,2,2,2,2.0,0.0,0,0.98525643,0.014743554
89,5f3ba61e3fd5b671b2200922,5f3ba61e3fd5b671b220031a,2,2,0.392156862745098,0.1111111111111111,2.0,0.0140845070422537,2,2,2,0.0,0.0,0,0.9911012,0.008898822
90,5f3ba61e3fd5b671b2200922,5f3ba61e3fd5b671b2200246,2,2,0.56,0.8,2.0,1.0,2,2,2,1.0,0.0,1,0.010076582,0.9899234
91,5f3ba61e3fd5b671b2200922,5f3ba61e3fd5b671b22002a3,2,2,0.3846153846153846,0.1,2.0,2.0,2,2,2,0.1,0.0,0,0.98525643,0.014743554
92,5f3ba61e3fd5b671b2200922,5f3ba61e3fd5b671b2200390,2,2,0.44,0.125,2.0,0.0140845070422537,2,2,2,0.0,0.0,0,0.9911012,0.008898822
93,5f3ba61e3fd5b671b2200922,5f3ba61e3fd5b671b22002e9,2,2,0.3846153846153846,0.1,2.0,2.0,2,2,2,0.1,0.0,0,0.98525643,0.014743554
94,5f3ba61f3fd5b671b2200a6f,5f3ba61e3fd5b671b220038c,2,2,0.6274509803921569,0.1428571428571428,2.0,0.0476190476190476,2,2,2,0.1,0.0,0,0.9951984,0.0048015476
95,5f3ba61f3fd5b671b2200a6f,5f3ba61e3fd5b671b2200258,2,2,0.6274509803921569,0.1428571428571428,2.0,2.0,2,2,2,2.0,0.0,0,0.9824995,0.017500537
96,5f3ba61f3fd5b671b2200a6f,5f3ba61e3fd5b671b220031a,2,2,0.6923076923076923,0.8,2.0,0.9530516431924884,2,2,2,0.375,0.0,1,0.010076582,0.9899234
97,5f3ba61f3fd5b671b2200a6f,5f3ba61e3fd5b671b2200246,2,2,0.6274509803921569,0.1428571428571428,2.0,0.0476190476190476,2,2,2,0.1,0.0,0,0.9951984,0.0048015476
98,5f3ba61f3fd5b671b2200a6f,5f3ba61e3fd5b671b22002a3,2,2,0.5660377358490566,0.1111111111111111,2.0,2.0,2,2,2,1.0,0.0,0,0.99793035,0.0020696593
99,5f3ba61f3fd5b671b2200a6f,5f3ba61e3fd5b671b2200390,2,2,0.7843137254901961,1.0,2.0,0.9530516431924884,2,2,2,0.375,1.0,1,0.010076582,0.9899234
100,5f3ba61f3fd5b671b2200a6f,5f3ba61e3fd5b671b22002e9,2,2,0.5660377358490566,0.1111111111111111,2.0,2.0,2,2,2,1.0,0.0,0,0.99793035,0.0020696593
101,5f3ba61f3fd5b671b2200b3b,5f3ba61e3fd5b671b220038c,2,2,0.6071428571428571,0.1428571428571428,2.0,0.0,2,2,2,1.0,0.0,0,0.9951984,0.0048015476
102,5f3ba61f3fd5b671b2200b3b,5f3ba61e3fd5b671b2200258,2,2,0.6071428571428571,0.1428571428571428,2.0,2.0,2,2,2,2.0,0.0,0,0.9824995,0.017500537
103,5f3ba61f3fd5b671b2200b3b,5f3ba61e3fd5b671b220031a,2,2,0.5964912280701754,0.125,2.0,0.0333333333333332,2,2,2,0.0,0.0,0,0.99812496,0.0018750447
104,5f3ba61f3fd5b671b2200b3b,5f3ba61e3fd5b671b2200246,2,2,0.6071428571428571,0.1428571428571428,2.0,0.0,2,2,2,1.0,0.0,0,0.9951984,0.0048015476
105,5f3ba61f3fd5b671b2200b3b,5f3ba61e3fd5b671b22002a3,2,2,0.5862068965517241,0.1111111111111111,2.0,2.0,2,2,2,0.1,0.0,0,0.99793035,0.0020696593
106,5f3ba61f3fd5b671b2200b3b,5f3ba61e3fd5b671b2200390,2,2,0.6071428571428571,0.1428571428571428,2.0,0.0333333333333332,2,2,2,0.0,0.0,0,0.9951984,0.0048015476
107,5f3ba61f3fd5b671b2200b3b,5f3ba61e3fd5b671b22002e9,2,2,0.5862068965517241,0.1111111111111111,2.0,2.0,2,2,2,0.1,0.0,0,0.99793035,0.0020696593
108,5f3ba61e3fd5b671b220082f,5f3ba61e3fd5b671b220038c,2,2,0.723404255319149,0.125,1.0,0.3333333333333333,2,2,2,2.0,0.0,0,0.99812496,0.0018750447
109,5f3ba61e3fd5b671b220082f,5f3ba61e3fd5b671b2200258,2,2,0.723404255319149,0.125,2.0,2.0,2,2,2,2.0,0.0,0,0.99793035,0.0020696593
110,5f3ba61e3fd5b671b220082f,5f3ba61e3fd5b671b220031a,2,2,0.7083333333333334,0.1111111111111111,1.0,0.0,2,2,2,2.0,0.0,0,0.99812496,0.0018750447
111,5f3ba61e3fd5b671b220082f,5f3ba61e3fd5b671b2200246,2,2,0.723404255319149,0.125,1.0,0.3333333333333333,2,2,2,2.0,0.0,0,0.99812496,0.0018750447
112,5f3ba61e3fd5b671b220082f,5f3ba61e3fd5b671b22002a3,2,2,0.7346938775510204,0.1,2.0,2.0,2,2,2,2.0,0.0,0,0.99793035,0.0020696593
113,5f3ba61e3fd5b671b220082f,5f3ba61e3fd5b671b2200390,2,2,0.723404255319149,0.125,1.0,0.0,2,2,2,2.0,0.0,0,0.99812496,0.0018750447
114,5f3ba61e3fd5b671b220082f,5f3ba61e3fd5b671b22002e9,2,2,0.6938775510204082,0.1,1.0,2.0,2,2,2,2.0,0.0,0,0.99793035,0.0020696593
115,5f3ba61f3fd5b671b2200a13,5f3ba61e3fd5b671b220038c,2,2,0.8181818181818182,0.1428571428571428,1.0,0.0,2,2,2,0.1,0.0,0,0.9951984,0.0048015476
116,5f3ba61f3fd5b671b2200a13,5f3ba61e3fd5b671b2200258,2,2,0.8636363636363636,0.3333333333333333,2.0,2.0,2,2,2,2.0,0.0,0,0.96218824,0.037811752
117,5f3ba61f3fd5b671b2200a13,5f3ba61e3fd5b671b220031a,2,2,0.7555555555555555,0.125,1.0,0.0,2,2,2,0.375,0.0,0,0.99812496,0.0018750447
118,5f3ba61f3fd5b671b2200a13,5f3ba61e3fd5b671b2200246,2,2,0.8181818181818182,0.1428571428571428,1.0,0.0,2,2,2,0.1,0.0,0,0.9951984,0.0048015476
119,5f3ba61f3fd5b671b2200a13,5f3ba61e3fd5b671b22002a3,2,2,0.782608695652174,0.25,2.0,2.0,2,2,2,1.0,0.0,0,0.9972549,0.0027450898
120,5f3ba61f3fd5b671b2200a13,5f3ba61e3fd5b671b2200390,2,2,0.8181818181818182,0.1428571428571428,1.0,0.0,2,2,2,0.375,0.0,0,0.9951984,0.0048015476
121,5f3ba61f3fd5b671b2200a13,5f3ba61e3fd5b671b22002e9,2,2,0.782608695652174,0.25,1.0,2.0,2,2,2,1.0,0.0,0,0.9972549,0.0027450898
122,5f3ba61f3fd5b671b2200a80,5f3ba61e3fd5b671b220038c,2,2,0.723404255319149,0.1428571428571428,1.0,0.3333333333333333,2,2,2,2.0,0.0,0,0.9881793,0.011820671
123,5f3ba61f3fd5b671b2200a80,5f3ba61e3fd5b671b2200258,2,2,0.723404255319149,0.1428571428571428,2.0,2.0,2,2,2,2.0,0.0,0,0.9824995,0.017500537
124,5f3ba61f3fd5b671b2200a80,5f3ba61e3fd5b671b220031a,2,2,0.7916666666666666,0.125,1.0,0.0,2,2,2,2.0,0.0,0,0.99812496,0.0018750447
125,5f3ba61f3fd5b671b2200a80,5f3ba61e3fd5b671b2200246,2,2,0.723404255319149,0.1428571428571428,1.0,0.3333333333333333,2,2,2,2.0,0.0,0,0.9881793,0.011820671
126,5f3ba61f3fd5b671b2200a80,5f3ba61e3fd5b671b22002a3,2,2,0.6938775510204082,0.1111111111111111,2.0,2.0,2,2,2,2.0,0.0,0,0.99793035,0.0020696593
127,5f3ba61f3fd5b671b2200a80,5f3ba61e3fd5b671b2200390,2,2,0.723404255319149,0.1428571428571428,1.0,0.0,2,2,2,2.0,0.0,0,0.9881793,0.011820671
128,5f3ba61f3fd5b671b2200a80,5f3ba61e3fd5b671b22002e9,2,2,0.6938775510204082,0.1111111111111111,1.0,2.0,2,2,2,2.0,0.0,0,0.99793035,0.0020696593
129,5f3ba61f3fd5b671b220095a,5f3ba61e3fd5b671b22002a9,2,2,0.7222222222222222,1.0,2.0,2.0,2,2,2,2.0,1.0,1,0.011775613,0.9882244
130,5f3ba61f3fd5b671b22009d2,5f3ba61e3fd5b671b2200316,2,2,1.0,1.0,2.0,0.0,2,2,2,1.0,1.0,1,0.010076582,0.9899234
131,5f3ba61f3fd5b671b22009d2,5f3ba61e3fd5b671b220039b,2,2,0.8571428571428571,0.0,2.0,2.0,2,2,2,1.0,0.0,0,0.99793035,0.0020696593
132,5f3ba61e3fd5b671b2200840,5f3ba61e3fd5b671b2200316,2,2,0.2272727272727272,0.0,2.0,0.0,2,2,2,2.0,0.0,0,0.99677235,0.0032276683
133,5f3ba61e3fd5b671b2200840,5f3ba61e3fd5b671b220039b,2,2,0.2325581395348837,0.0,2.0,2.0,2,2,2,2.0,0.0,0,0.99640864,0.003591377
134,5f3ba61f3fd5b671b22009d7,5f3ba61e3fd5b671b2200398,2,2,0.7241379310344828,1.0,2.0,1.0,2,2,2,1.0,1.0,1,0.010076582,0.9899234
135,5f3ba61f3fd5b671b22009f9,5f3ba61e3fd5b671b2200311,2,2,0.8260869565217391,0.1111111111111111,2.0,2.0,2,2,2,2.0,0.0,0,0.99793035,0.0020696593
136,5f3ba61e3fd5b671b2200905,5f3ba61e3fd5b671b2200311,2,2,0.8260869565217391,0.1111111111111111,2.0,2.0,2,2,2,2.0,0.0,0,0.99793035,0.0020696593
137,5f3ba61f3fd5b671b2200a69,5f3ba61e3fd5b671b22002b5,2,2,0.8125,0.0,2.0,2.0,2,2,2,2.0,0.0,0,0.99793035,0.0020696593
138,5f3ba61f3fd5b671b2200a69,5f3ba61e3fd5b671b220036a,2,2,0.4117647058823529,0.0,2.0,0.0,2,2,2,2.0,0.0,0,0.9911012,0.008898822
139,5f3ba61f3fd5b671b2200a69,5f3ba61e3fd5b671b2200292,2,2,0.8125,0.0,2.0,2.0,2,2,2,2.0,0.0,0,0.99793035,0.0020696593
140,5f3ba61f3fd5b671b2200a69,5f3ba61e3fd5b671b2200283,2,2,0.8387096774193549,0.0,2.0,2.0,2,2,2,2.0,0.0,0,0.99793035,0.0020696593
141,5f3ba61f3fd5b671b2200a69,5f3ba61e3fd5b671b220037f,2,2,0.4705882352941176,0.0,2.0,1.0,2,2,2,2.0,0.0,0,0.9605879,0.0394121
142,5f3ba61f3fd5b671b2200a69,5f3ba61e3fd5b671b2200269,2,2,0.4848484848484848,0.0,2.0,1.0,2,2,2,2.0,0.0,0,0.9605879,0.0394121
143,5f3ba61f3fd5b671b2200a92,5f3ba61e3fd5b671b22002b5,2,2,0.5714285714285714,0.0,2.0,2.0,2,2,2,2.0,0.0,0,0.99793035,0.0020696593
144,5f3ba61f3fd5b671b2200a92,5f3ba61e3fd5b671b220036a,2,2,0.5333333333333333,0.0,2.0,0.0,2,2,2,2.0,0.0,0,0.99812496,0.0018750447
145,5f3ba61f3fd5b671b2200a92,5f3ba61e3fd5b671b2200292,2,2,0.5714285714285714,0.0,2.0,2.0,2,2,2,2.0,0.0,0,0.99793035,0.0020696593
146,5f3ba61f3fd5b671b2200a92,5f3ba61e3fd5b671b2200283,2,2,0.7407407407407407,1.0,2.0,2.0,2,2,2,2.0,1.0,1,0.011775613,0.9882244
147,5f3ba61f3fd5b671b2200a92,5f3ba61e3fd5b671b220037f,2,2,0.5333333333333333,0.0,2.0,0.1666666666666666,2,2,2,2.0,0.0,0,0.99812496,0.0018750447
148,5f3ba61f3fd5b671b2200a92,5f3ba61e3fd5b671b2200269,2,2,0.5517241379310345,0.0,2.0,0.1666666666666666,2,2,2,2.0,0.0,0,0.99812496,0.0018750447
149,5f3ba61f3fd5b671b22009ac,5f3ba61e3fd5b671b22002b5,2,2,0.8125,0.0,2.0,2.0,2,2,2,2.0,0.0,0,0.99793035,0.0020696593
150,5f3ba61f3fd5b671b22009ac,5f3ba61e3fd5b671b220036a,2,2,0.4117647058823529,0.0,2.0,0.0,2,2,2,2.0,0.0,0,0.9911012,0.008898822
151,5f3ba61f3fd5b671b22009ac,5f3ba61e3fd5b671b2200292,2,2,0.8125,0.0,2.0,2.0,2,2,2,2.0,0.0,0,0.99793035,0.0020696593
152,5f3ba61f3fd5b671b22009ac,5f3ba61e3fd5b671b2200283,2,2,0.8387096774193549,0.0,2.0,2.0,2,2,2,2.0,0.0,0,0.99793035,0.0020696593
153,5f3ba61f3fd5b671b22009ac,5f3ba61e3fd5b671b220037f,2,2,0.4705882352941176,0.0,2.0,0.1666666666666666,2,2,2,2.0,0.0,0,0.9759734,0.024026595
154,5f3ba61f3fd5b671b22009ac,5f3ba61e3fd5b671b2200269,2,2,0.4848484848484848,0.0,2.0,0.1666666666666666,2,2,2,2.0,0.0,0,0.9759734,0.024026595
155,5f3ba61f3fd5b671b22009af,5f3ba61e3fd5b671b22002b5,2,2,0.5714285714285714,0.0,2.0,2.0,2,2,2,0.2307692307692307,0.0,0,0.99793035,0.0020696593
156,5f3ba61f3fd5b671b22009af,5f3ba61e3fd5b671b220036a,2,2,0.4666666666666667,0.0,2.0,0.0,2,2,2,0.1,0.0,0,0.8143635,0.18563649
157,5f3ba61f3fd5b671b22009af,5f3ba61e3fd5b671b2200292,2,2,0.5714285714285714,0.0,2.0,2.0,2,2,2,2.0,0.0,0,0.99793035,0.0020696593
158,5f3ba61f3fd5b671b22009af,5f3ba61e3fd5b671b2200283,2,2,0.5925925925925926,0.0,2.0,2.0,2,2,2,2.0,0.0,0,0.99793035,0.0020696593
159,5f3ba61f3fd5b671b22009af,5f3ba61e3fd5b671b220037f,2,2,0.8,1.0,2.0,1.0,2,2,2,1.0,1.0,1,0.010076582,0.9899234
160,5f3ba61f3fd5b671b22009af,5f3ba61e3fd5b671b2200269,2,2,0.5517241379310345,0.0,2.0,1.0,2,2,2,1.0,0.0,0,0.99793035,0.0020696593
161,5f3ba61f3fd5b671b2200a96,5f3ba61e3fd5b671b22002b5,2,2,0.4848484848484848,0.0,2.0,2.0,2,2,2,0.2307692307692307,0.0,0,0.9605879,0.0394121
162,5f3ba61f3fd5b671b2200a96,5f3ba61e3fd5b671b220036a,2,2,0.4,0.0,2.0,0.0,2,2,2,0.1,0.0,0,0.9911012,0.008898822
163,5f3ba61f3fd5b671b2200a96,5f3ba61e3fd5b671b2200292,2,2,0.4848484848484848,0.0,2.0,2.0,2,2,2,2.0,0.0,0,0.9605879,0.0394121
164,5f3ba61f3fd5b671b2200a96,5f3ba61e3fd5b671b2200283,2,2,0.5,0.0,2.0,2.0,2,2,2,2.0,0.0,0,0.9605879,0.0394121
165,5f3ba61f3fd5b671b2200a96,5f3ba61e3fd5b671b220037f,2,2,0.4571428571428571,0.0,2.0,1.0,2,2,2,1.0,0.0,0,0.98525643,0.014743554
166,5f3ba61f3fd5b671b2200a96,5f3ba61e3fd5b671b2200269,2,2,1.0,1.0,2.0,1.0,2,2,2,1.0,1.0,1,0.010076582,0.9899234
167,5f3ba61f3fd5b671b2200a91,5f3ba61e3fd5b671b220030b,2,2,0.3243243243243243,0.3333333333333333,2.0,2.0,2,2,2,2.0,0.0,0,0.95392424,0.046075772
168,5f3ba61f3fd5b671b2200a91,5f3ba61e3fd5b671b22002d5,2,2,0.3243243243243243,0.3333333333333333,2.0,0.0,2,2,2,2.0,0.0,0,0.9202879,0.07971208
169,5f3ba61f3fd5b671b2200a91,5f3ba61e3fd5b671b22002a1,2,2,0.3243243243243243,0.3333333333333333,2.0,2.0,2,2,2,2.0,0.0,0,0.95392424,0.046075772
170,5f3ba61f3fd5b671b2200a91,5f3ba61e3fd5b671b22002bb,2,2,0.3243243243243243,0.3333333333333333,2.0,0.0,2,2,2,2.0,0.0,0,0.9202879,0.07971208
171,5f3ba61f3fd5b671b2200abf,5f3ba61e3fd5b671b220030b,2,2,0.3243243243243243,0.25,2.0,2.0,2,2,2,2.0,0.0,0,0.99442786,0.0055721416
172,5f3ba61f3fd5b671b2200abf,5f3ba61e3fd5b671b22002d5,2,2,0.3243243243243243,0.25,2.0,0.0,2,2,2,2.0,0.0,0,0.99215925,0.00784074
173,5f3ba61f3fd5b671b2200abf,5f3ba61e3fd5b671b22002a1,2,2,0.3243243243243243,0.25,2.0,2.0,2,2,2,2.0,0.0,0,0.99442786,0.0055721416
174,5f3ba61f3fd5b671b2200abf,5f3ba61e3fd5b671b22002bb,2,2,0.3243243243243243,0.25,2.0,0.5833333333333333,2,2,2,2.0,0.0,0,0.99215925,0.00784074
175,5f3ba61f3fd5b671b2200a02,5f3ba61e3fd5b671b220030b,2,2,0.3243243243243243,0.3333333333333333,2.0,2.0,2,2,2,2.0,0.0,0,0.95392424,0.046075772
176,5f3ba61f3fd5b671b2200a02,5f3ba61e3fd5b671b22002d5,2,2,0.3243243243243243,0.3333333333333333,2.0,0.0,2,2,2,2.0,0.0,0,0.9202879,0.07971208
177,5f3ba61f3fd5b671b2200a02,5f3ba61e3fd5b671b22002a1,2,2,0.3243243243243243,0.3333333333333333,2.0,2.0,2,2,2,2.0,0.0,0,0.95392424,0.046075772
178,5f3ba61f3fd5b671b2200a02,5f3ba61e3fd5b671b22002bb,2,2,0.3243243243243243,0.3333333333333333,2.0,0.0,2,2,2,2.0,0.0,0,0.9202879,0.07971208
179,5f3ba61e3fd5b671b22008cd,5f3ba61e3fd5b671b220030b,2,2,0.5517241379310345,0.3333333333333333,2.0,2.0,2,2,2,1.0,0.0,0,0.9560204,0.04397957
180,5f3ba61e3fd5b671b22008cd,5f3ba61e3fd5b671b22002d5,2,2,0.5517241379310345,0.3333333333333333,2.0,0.214285714285714,2,2,2,1.0,0.0,0,0.92321336,0.07678667
181,5f3ba61e3fd5b671b22008cd,5f3ba61e3fd5b671b22002a1,2,2,0.5517241379310345,0.3333333333333333,2.0,2.0,2,2,2,1.0,0.0,0,0.9560204,0.04397957
182,5f3ba61e3fd5b671b22008cd,5f3ba61e3fd5b671b22002bb,2,2,0.5517241379310345,0.3333333333333333,2.0,0.0,2,2,2,1.0,0.0,0,0.92321336,0.07678667
183,5f3ba61f3fd5b671b2200b0a,5f3ba61e3fd5b671b22002ff,2,2,0.2162162162162162,0.0,2.0,0.0,2,2,2,2.0,0.0,0,0.99677235,0.0032276683
184,5f3ba61f3fd5b671b2200b0a,5f3ba61e3fd5b671b2200389,2,2,0.2162162162162162,0.0,2.0,0.0,2,2,2,2.0,0.0,0,0.99677235,0.0032276683
185,5f3ba61e3fd5b671b220090f,5f3ba61e3fd5b671b22002ff,2,2,0.4444444444444444,0.5,2.0,2.0,2,2,2,1.0,0.0,0,0.6318776,0.3681224
186,5f3ba61e3fd5b671b220090f,5f3ba61e3fd5b671b2200389,2,2,0.4444444444444444,0.5,2.0,2.0,2,2,2,1.0,0.0,0,0.6318776,0.3681224
187,5f3ba61e3fd5b671b22008d9,5f3ba61e3fd5b671b22002ff,2,2,0.2162162162162162,0.0,2.0,0.0,2,2,2,2.0,0.0,0,0.99677235,0.0032276683
188,5f3ba61e3fd5b671b22008d9,5f3ba61e3fd5b671b2200389,2,2,0.2162162162162162,0.0,2.0,0.0,2,2,2,2.0,0.0,0,0.99677235,0.0032276683
189,5f3ba61f3fd5b671b2200985,5f3ba61e3fd5b671b22002ff,2,2,0.8387096774193549,0.6666666666666666,2.0,2.0,2,2,2,2.0,0.0,1,0.011775613,0.9882244
190,5f3ba61f3fd5b671b2200985,5f3ba61e3fd5b671b2200389,2,2,0.8387096774193549,0.6666666666666666,2.0,2.0,2,2,2,2.0,0.0,1,0.011775613,0.9882244
191,5f3ba61f3fd5b671b22009c2,5f3ba61e3fd5b671b22002ff,2,2,0.8125,0.5,2.0,2.0,2,2,2,1.0,0.0,0,0.909588,0.09041202
192,5f3ba61f3fd5b671b22009c2,5f3ba61e3fd5b671b2200389,2,2,0.8125,0.5,2.0,2.0,2,2,2,1.0,0.0,0,0.909588,0.09041202
193,5f3ba61f3fd5b671b22009c5,5f3ba61e3fd5b671b22002ff,2,2,0.1454545454545454,0.0,2.0,0.0,2,2,2,2.0,0.0,0,0.99677235,0.0032276683
194,5f3ba61f3fd5b671b22009c5,5f3ba61e3fd5b671b2200389,2,2,0.1454545454545454,0.0,2.0,0.0,2,2,2,2.0,0.0,0,0.99677235,0.0032276683
195,5f3ba61f3fd5b671b2200b31,5f3ba61e3fd5b671b2200297,2,2,0.2916666666666667,0.4285714285714285,2.0,1.0,2,2,2,0.2857142857142857,1.0,0,0.8877303,0.11226969
196,5f3ba61e3fd5b671b2200811,5f3ba61e3fd5b671b220025d,2,2,0.547945205479452,1.0,2.0,0.565217391304348,2,2,2,0.0952380952380952,1.0,1,0.010076582,0.9899234
197,5f3ba61e3fd5b671b2200811,5f3ba61e3fd5b671b22002a0,2,2,0.4594594594594595,0.125,2.0,0.1666666666666666,2,2,2,0.0384615384615384,0.0,0,0.9911012,0.008898822
198,5f3ba61e3fd5b671b2200811,5f3ba61e3fd5b671b2200351,2,2,0.4722222222222222,0.1666666666666666,2.0,2.0,2,2,2,0.0952380952380952,0.0,0,0.9290794,0.07092062
199,5f3ba61e3fd5b671b2200849,5f3ba61e3fd5b671b220025d,2,2,0.8181818181818182,0.1428571428571428,1.0,0.565217391304348,2,2,2,2.0,0.0,0,0.9881793,0.011820671
200,5f3ba61e3fd5b671b2200849,5f3ba61e3fd5b671b22002a0,2,2,0.7555555555555555,0.125,1.0,0.1666666666666666,2,2,2,2.0,0.0,0,0.99812496,0.0018750447
201,5f3ba61e3fd5b671b2200849,5f3ba61e3fd5b671b2200351,2,2,0.8372093023255814,0.1666666666666666,2.0,2.0,2,2,2,2.0,0.0,0,0.9972549,0.0027450898
202,5f3ba61f3fd5b671b220098b,5f3ba61e3fd5b671b220025d,2,2,0.547945205479452,1.0,2.0,0.565217391304348,2,2,2,0.0952380952380952,1.0,1,0.010076582,0.9899234
203,5f3ba61f3fd5b671b220098b,5f3ba61e3fd5b671b22002a0,2,2,0.4594594594594595,0.125,2.0,0.1666666666666666,2,2,2,0.0384615384615384,0.0,0,0.9911012,0.008898822
204,5f3ba61f3fd5b671b220098b,5f3ba61e3fd5b671b2200351,2,2,0.4722222222222222,0.1666666666666666,2.0,2.0,2,2,2,0.0952380952380952,0.0,0,0.9290794,0.07092062
205,5f3ba61f3fd5b671b2200966,5f3ba61e3fd5b671b220025d,2,2,0.782608695652174,0.1428571428571428,1.0,0.565217391304348,2,2,2,2.0,0.0,0,0.9881793,0.011820671
206,5f3ba61f3fd5b671b2200966,5f3ba61e3fd5b671b22002a0,2,2,0.723404255319149,0.125,1.0,0.1666666666666666,2,2,2,2.0,0.0,0,0.99812496,0.0018750447
207,5f3ba61f3fd5b671b2200966,5f3ba61e3fd5b671b2200351,2,2,0.8,0.1666666666666666,2.0,2.0,2,2,2,2.0,0.0,0,0.9972549,0.0027450898
208,5f3ba61f3fd5b671b2200a28,5f3ba61e3fd5b671b220025d,2,2,0.8181818181818182,0.1428571428571428,1.0,0.565217391304348,2,2,2,2.0,0.0,0,0.9881793,0.011820671
209,5f3ba61f3fd5b671b2200a28,5f3ba61e3fd5b671b22002a0,2,2,0.7555555555555555,0.125,1.0,0.1666666666666666,2,2,2,2.0,0.0,0,0.99812496,0.0018750447
210,5f3ba61f3fd5b671b2200a28,5f3ba61e3fd5b671b2200351,2,2,0.8372093023255814,0.1666666666666666,2.0,2.0,2,2,2,2.0,0.0,0,0.9972549,0.0027450898
211,5f3ba61f3fd5b671b2200a58,5f3ba61e3fd5b671b220025d,2,2,0.6086956521739131,0.0,2.0,0.0,2,2,2,1.0,0.0,0,0.99812496,0.0018750447
212,5f3ba61f3fd5b671b2200a58,5f3ba61e3fd5b671b22002a0,2,2,0.5957446808510638,0.0,2.0,1.0,2,2,2,0.2307692307692307,0.0,0,0.99793035,0.0020696593
213,5f3ba61f3fd5b671b2200a58,5f3ba61e3fd5b671b2200351,2,2,0.6222222222222222,0.0,2.0,2.0,2,2,2,1.0,1.0,0,0.99793035,0.0020696593
214,5f3ba61e3fd5b671b22008b3,5f3ba61e3fd5b671b220025d,2,2,0.8181818181818182,0.1428571428571428,0.0,2.0,2,2,2,2.0,0.0,0,0.9824995,0.017500537
215,5f3ba61e3fd5b671b22008b3,5f3ba61e3fd5b671b22002a0,2,2,0.7555555555555555,0.125,0.0,2.0,2,2,2,2.0,0.0,0,0.99793035,0.0020696593
216,5f3ba61e3fd5b671b22008b3,5f3ba61e3fd5b671b2200351,2,2,0.8372093023255814,0.1666666666666666,2.0,2.0,2,2,2,2.0,0.0,0,0.9972549,0.0027450898
217,5f3ba61f3fd5b671b2200b25,5f3ba61e3fd5b671b220025d,2,2,0.8181818181818182,0.1428571428571428,1.0,0.565217391304348,2,2,2,2.0,0.0,0,0.9881793,0.011820671
218,5f3ba61f3fd5b671b2200b25,5f3ba61e3fd5b671b22002a0,2,2,0.7555555555555555,0.125,1.0,0.1666666666666666,2,2,2,2.0,0.0,0,0.99812496,0.0018750447
219,5f3ba61f3fd5b671b2200b25,5f3ba61e3fd5b671b2200351,2,2,0.8372093023255814,0.1666666666666666,2.0,2.0,2,2,2,2.0,0.0,0,0.9972549,0.0027450898
220,5f3ba61e3fd5b671b220083c,5f3ba61e3fd5b671b22002a2,2,2,0.4081632653061224,0.1111111111111111,0.0,0.0,2,2,2,2.0,0.0,0,0.9911012,0.008898822
221,5f3ba61e3fd5b671b220083c,5f3ba61e3fd5b671b2200397,2,2,0.5333333333333333,0.1111111111111111,0.0,0.0,2,2,2,2.0,0.0,0,0.99812496,0.0018750447
222,5f3ba61e3fd5b671b220083d,5f3ba61e3fd5b671b2200393,2,2,0.631578947368421,0.0833333333333333,0.0,0.0,2,2,2,1.0,0.0,0,0.99812496,0.0018750447
223,5f3ba61f3fd5b671b22009b9,5f3ba61e3fd5b671b2200393,2,2,0.631578947368421,0.0833333333333333,0.0,0.0,2,2,2,1.0,0.0,0,0.99812496,0.0018750447
224,5f3ba61f3fd5b671b22009bf,5f3ba61e3fd5b671b2200393,2,2,0.631578947368421,0.0833333333333333,0.0,0.0,2,2,2,1.0,0.0,0,0.99812496,0.0018750447
225,5f3ba61f3fd5b671b2200aaf,5f3ba61e3fd5b671b2200393,2,2,0.6,0.125,2.0,0.0,2,2,2,2.0,0.0,0,0.99812496,0.0018750447
226,5f3ba61f3fd5b671b2200a6c,5f3ba61e3fd5b671b2200393,2,2,0.8076923076923077,1.0,2.0,1.0,2,2,2,1.0,1.0,1,0.010076582,0.9899234
227,5f3ba61e3fd5b671b2200846,5f3ba61e3fd5b671b220029e,2,2,0.6,0.0,2.0,2.0,2,2,2,2.0,0.0,0,0.99793035,0.0020696593
228,5f3ba61e3fd5b671b2200846,5f3ba61e3fd5b671b2200362,2,2,0.6666666666666666,0.0,2.0,2.0,2,2,2,2.0,0.0,0,0.99793035,0.0020696593
229,5f3ba61e3fd5b671b2200846,5f3ba61e3fd5b671b220037c,2,2,0.7368421052631579,1.0,2.0,2.0,2,2,2,2.0,1.0,1,0.011775613,0.9882244
230,5f3ba61e3fd5b671b2200846,5f3ba61e3fd5b671b2200295,2,2,0.7368421052631579,1.0,2.0,2.0,2,2,2,2.0,1.0,1,0.011775613,0.9882244
231,5f3ba61e3fd5b671b2200846,5f3ba61e3fd5b671b22002c4,2,2,0.631578947368421,0.0,2.0,2.0,2,2,2,2.0,0.0,0,0.99793035,0.0020696593
232,5f3ba61f3fd5b671b2200a77,5f3ba61e3fd5b671b220029e,2,2,0.375,0.0,2.0,2.0,2,2,2,2.0,0.0,0,0.98525643,0.014743554
233,5f3ba61f3fd5b671b2200a77,5f3ba61e3fd5b671b2200362,2,2,0.4242424242424242,0.0,2.0,2.0,2,2,2,2.0,0.0,0,0.98525643,0.014743554
234,5f3ba61f3fd5b671b2200a77,5f3ba61e3fd5b671b220037c,2,2,0.3870967741935484,1.0,2.0,2.0,2,2,2,1.0,1.0,1,0.011358976,0.988641
235,5f3ba61f3fd5b671b2200a77,5f3ba61e3fd5b671b2200295,2,2,0.3870967741935484,1.0,2.0,2.0,2,2,2,1.0,1.0,1,0.011358976,0.988641
236,5f3ba61f3fd5b671b2200a77,5f3ba61e3fd5b671b22002c4,2,2,0.3870967741935484,0.0,2.0,2.0,2,2,2,1.0,0.0,0,0.98525643,0.014743554
237,5f3ba61f3fd5b671b2200972,5f3ba61e3fd5b671b220029e,2,2,0.6,0.0,2.0,2.0,2,2,2,2.0,0.0,0,0.99793035,0.0020696593
238,5f3ba61f3fd5b671b2200972,5f3ba61e3fd5b671b2200362,2,2,0.6666666666666666,0.0,2.0,2.0,2,2,2,2.0,0.0,0,0.99793035,0.0020696593
239,5f3ba61f3fd5b671b2200972,5f3ba61e3fd5b671b220037c,2,2,0.7368421052631579,1.0,2.0,2.0,2,2,2,1.0,1.0,1,0.010076582,0.9899234
240,5f3ba61f3fd5b671b2200972,5f3ba61e3fd5b671b2200295,2,2,0.7368421052631579,1.0,2.0,2.0,2,2,2,1.0,1.0,1,0.010076582,0.9899234
241,5f3ba61f3fd5b671b2200972,5f3ba61e3fd5b671b22002c4,2,2,0.631578947368421,0.0,2.0,2.0,2,2,2,1.0,0.0,0,0.99793035,0.0020696593
242,5f3ba61f3fd5b671b2200b36,5f3ba61e3fd5b671b220029e,2,2,0.6,0.0,2.0,2.0,2,2,2,2.0,0.0,0,0.99793035,0.0020696593
243,5f3ba61f3fd5b671b2200b36,5f3ba61e3fd5b671b2200362,2,2,0.6666666666666666,0.0,2.0,2.0,2,2,2,2.0,0.0,0,0.99793035,0.0020696593
244,5f3ba61f3fd5b671b2200b36,5f3ba61e3fd5b671b220037c,2,2,0.7368421052631579,1.0,2.0,2.0,2,2,2,1.0,1.0,1,0.010076582,0.9899234
245,5f3ba61f3fd5b671b2200b36,5f3ba61e3fd5b671b2200295,2,2,0.7368421052631579,1.0,2.0,2.0,2,2,2,1.0,1.0,1,0.010076582,0.9899234
246,5f3ba61f3fd5b671b2200b36,5f3ba61e3fd5b671b22002c4,2,2,0.631578947368421,0.0,2.0,2.0,2,2,2,1.0,0.0,0,0.99793035,0.0020696593
247,5f3ba61e3fd5b671b220086f,5f3ba61e3fd5b671b220029e,2,2,0.6,0.0,2.0,2.0,2,2,2,2.0,0.0,0,0.99793035,0.0020696593
248,5f3ba61e3fd5b671b220086f,5f3ba61e3fd5b671b2200362,2,2,0.6666666666666666,0.0,2.0,2.0,2,2,2,2.0,0.0,0,0.99793035,0.0020696593
249,5f3ba61e3fd5b671b220086f,5f3ba61e3fd5b671b220037c,2,2,0.631578947368421,0.0,2.0,2.0,2,2,2,1.0,0.0,0,0.99793035,0.0020696593
250,5f3ba61e3fd5b671b220086f,5f3ba61e3fd5b671b2200295,2,2,0.631578947368421,0.0,2.0,2.0,2,2,2,1.0,0.0,0,0.99793035,0.0020696593
251,5f3ba61e3fd5b671b220086f,5f3ba61e3fd5b671b22002c4,2,2,0.7368421052631579,1.0,2.0,2.0,2,2,2,1.0,1.0,1,0.010076582,0.9899234
252,5f3ba61e3fd5b671b2200881,5f3ba61e3fd5b671b220029e,2,2,0.6,0.0,2.0,2.0,2,2,2,2.0,0.0,0,0.99793035,0.0020696593
253,5f3ba61e3fd5b671b2200881,5f3ba61e3fd5b671b2200362,2,2,0.6666666666666666,0.0,2.0,2.0,2,2,2,2.0,0.0,0,0.99793035,0.0020696593
254,5f3ba61e3fd5b671b2200881,5f3ba61e3fd5b671b220037c,2,2,0.631578947368421,0.0,2.0,2.0,2,2,2,1.0,0.0,0,0.99793035,0.0020696593
255,5f3ba61e3fd5b671b2200881,5f3ba61e3fd5b671b2200295,2,2,0.631578947368421,0.0,2.0,2.0,2,2,2,1.0,0.0,0,0.99793035,0.0020696593
256,5f3ba61e3fd5b671b2200881,5f3ba61e3fd5b671b22002c4,2,2,0.7368421052631579,1.0,2.0,2.0,2,2,2,1.0,1.0,1,0.010076582,0.9899234
257,5f3ba61e3fd5b671b2200854,5f3ba61e3fd5b671b220024b,2,2,0.48,0.0,2.0,2.0,2,2,2,2.0,0.0,0,0.9605879,0.0394121
258,5f3ba61e3fd5b671b2200854,5f3ba61e3fd5b671b2200243,2,2,0.48,0.0,2.0,2.0,2,2,2,2.0,0.0,0,0.9605879,0.0394121
259,5f3ba61f3fd5b671b22009f5,5f3ba61e3fd5b671b220024b,2,2,0.4827586206896552,0.0,2.0,2.0,2,2,2,2.0,0.0,0,0.9605879,0.0394121
260,5f3ba61f3fd5b671b22009f5,5f3ba61e3fd5b671b2200243,2,2,0.4827586206896552,0.0,2.0,2.0,2,2,2,2.0,0.0,0,0.9605879,0.0394121
261,5f3ba61e3fd5b671b220085b,5f3ba61e3fd5b671b22002fa,2,2,0.6521739130434783,0.25,1.0,0.0,2,2,2,2.0,0.0,0,0.99610114,0.0038988707
262,5f3ba61e3fd5b671b220085b,5f3ba61e3fd5b671b2200273,2,2,0.6521739130434783,0.25,1.0,0.0,2,2,2,2.0,0.0,0,0.99610114,0.0038988707
263,5f3ba61e3fd5b671b220085b,5f3ba61e3fd5b671b2200331,2,2,0.6521739130434783,0.25,1.0,0.0,2,2,2,2.0,0.0,0,0.99610114,0.0038988707
264,5f3ba61e3fd5b671b22008b6,5f3ba61e3fd5b671b2200255,2,2,0.4,0.1666666666666666,2.0,2.0,2,2,2,2.0,0.0,0,0.9729134,0.02708662
265,5f3ba61e3fd5b671b2200931,5f3ba61e3fd5b671b2200255,2,2,0.4571428571428571,0.1666666666666666,2.0,0.0,2,2,2,2.0,0.0,0,0.9744461,0.0255539
266,5f3ba61e3fd5b671b2200901,5f3ba61e3fd5b671b220025b,2,2,0.5185185185185185,0.0,0.0,0.3333333333333333,2,2,2,0.1,0.0,0,0.9759734,0.024026595
267,5f3ba61f3fd5b671b2200969,5f3ba61e3fd5b671b22002fd,2,2,0.7272727272727273,1.0,2.0,0.8924731182795698,2,2,2,1.0,1.0,1,0.010076582,0.9899234
268,5f3ba61f3fd5b671b2200a39,5f3ba61e3fd5b671b22002fd,2,2,0.7111111111111111,1.0,2.0,0.8924731182795698,2,2,2,1.0,1.0,1,0.010076582,0.9899234
269,5f3ba61f3fd5b671b2200959,5f3ba61e3fd5b671b22002fd,2,2,0.7272727272727273,1.0,2.0,2.0,2,2,2,1.0,1.0,1,0.010076582,0.9899234
270,5f3ba61f3fd5b671b220097d,5f3ba61e3fd5b671b2200257,2,2,0.5517241379310345,0.1666666666666666,2.0,0.0,2,2,2,0.0,0.0,0,0.99610114,0.0038988707
271,5f3ba61f3fd5b671b220097e,5f3ba61e3fd5b671b2200257,2,2,0.5517241379310345,0.1666666666666666,2.0,0.0,2,2,2,2.0,0.0,0,0.99610114,0.0038988707
272,5f3ba61f3fd5b671b2200989,5f3ba61e3fd5b671b220024e,2,2,0.5263157894736842,0.1428571428571428,2.0,0.0,2,2,2,2.0,0.0,0,0.81984675,0.18015322
273,5f3ba61e3fd5b671b22008a7,5f3ba61e3fd5b671b220024e,2,2,0.5263157894736842,0.1428571428571428,2.0,0.0,2,2,2,2.0,0.0,0,0.81984675,0.18015322
274,5f3ba61f3fd5b671b2200997,5f3ba61e3fd5b671b220026e,2,2,1.0,1.0,2.0,2.0,2,2,2,2.0,1.0,1,0.011775613,0.9882244
275,5f3ba61f3fd5b671b2200997,5f3ba61e3fd5b671b22002c3,2,2,1.0,1.0,2.0,2.0,2,2,2,2.0,1.0,1,0.011775613,0.9882244
276,5f3ba61f3fd5b671b2200997,5f3ba61e3fd5b671b2200310,2,2,1.0,1.0,2.0,2.0,2,2,2,2.0,1.0,1,0.011775613,0.9882244
277,5f3ba61f3fd5b671b2200997,5f3ba61e3fd5b671b220032c,2,2,0.6875,1.0,2.0,2.0,2,2,2,2.0,1.0,1,0.011775613,0.9882244
278,5f3ba61f3fd5b671b2200997,5f3ba61e3fd5b671b220035e,2,2,1.0,1.0,2.0,2.0,2,2,2,2.0,1.0,1,0.011775613,0.9882244
279,5f3ba61e3fd5b671b22008ab,5f3ba61e3fd5b671b220026e,2,2,1.0,1.0,2.0,2.0,2,2,2,2.0,1.0,1,0.011775613,0.9882244
280,5f3ba61e3fd5b671b22008ab,5f3ba61e3fd5b671b22002c3,2,2,1.0,1.0,2.0,2.0,2,2,2,1.0,1.0,1,0.010076582,0.9899234
281,5f3ba61e3fd5b671b22008ab,5f3ba61e3fd5b671b2200310,2,2,1.0,1.0,2.0,0.0,2,2,2,1.0,1.0,1,0.010076582,0.9899234
282,5f3ba61e3fd5b671b22008ab,5f3ba61e3fd5b671b220032c,2,2,0.6875,1.0,2.0,0.696969696969697,2,2,2,1.0,1.0,1,0.010076582,0.9899234
283,5f3ba61e3fd5b671b22008ab,5f3ba61e3fd5b671b220035e,2,2,1.0,1.0,2.0,2.0,2,2,2,1.0,1.0,1,0.010076582,0.9899234
284,5f3ba61f3fd5b671b22009e0,5f3ba61e3fd5b671b2200383,2,2,0.2857142857142857,0.0,2.0,0.0,2,2,2,0.1176470588235294,0.0,0,0.99677235,0.0032276683
285,5f3ba61e3fd5b671b22008c2,5f3ba61e3fd5b671b2200383,2,2,0.5423728813559322,1.0,2.0,2.0,2,2,2,2.0,1.0,1,0.011775613,0.9882244
286,5f3ba61f3fd5b671b2200aec,5f3ba61e3fd5b671b2200383,2,2,0.2950819672131147,0.0,0.0,0.0,2,2,2,2.0,0.0,0,0.99677235,0.0032276683
287,5f3ba61f3fd5b671b2200a08,5f3ba61e3fd5b671b2200366,2,2,0.5517241379310345,0.0,2.0,1.0,2,2,2,2.0,0.0,0,0.99793035,0.0020696593
288,5f3ba61f3fd5b671b2200a08,5f3ba61e3fd5b671b2200240,2,2,0.5333333333333333,0.0,2.0,0.0,2,2,2,2.0,0.0,0,0.99812496,0.0018750447
289,5f3ba61f3fd5b671b2200a08,5f3ba61e3fd5b671b2200279,2,2,0.5714285714285714,0.0,2.0,2.0,2,2,2,2.0,0.0,0,0.99793035,0.0020696593
290,5f3ba61f3fd5b671b2200a41,5f3ba61e3fd5b671b2200366,2,2,0.5,0.0,2.0,0.0,2,2,2,2.0,0.0,0,0.9759734,0.024026595
291,5f3ba61f3fd5b671b2200a41,5f3ba61e3fd5b671b2200240,2,2,0.4848484848484848,0.0,1.0,0.0,2,2,2,2.0,0.0,0,0.9759734,0.024026595
292,5f3ba61f3fd5b671b2200a41,5f3ba61e3fd5b671b2200279,2,2,0.5161290322580645,0.0,0.0,2.0,2,2,2,2.0,0.0,0,0.9605879,0.0394121
293,5f3ba61e3fd5b671b2200877,5f3ba61e3fd5b671b2200366,2,2,0.5,0.0,2.0,0.0,2,2,2,2.0,0.0,0,0.9759734,0.024026595
294,5f3ba61e3fd5b671b2200877,5f3ba61e3fd5b671b2200240,2,2,0.4848484848484848,0.0,1.0,0.0,2,2,2,2.0,0.0,0,0.9759734,0.024026595
295,5f3ba61e3fd5b671b2200877,5f3ba61e3fd5b671b2200279,2,2,0.5161290322580645,0.0,0.0,2.0,2,2,2,2.0,0.0,0,0.9605879,0.0394121
296,5f3ba61f3fd5b671b2200a57,5f3ba61e3fd5b671b2200366,2,2,0.5517241379310345,0.0,2.0,1.0,2,2,2,0.2307692307692307,0.0,0,0.99793035,0.0020696593
297,5f3ba61f3fd5b671b2200a57,5f3ba61e3fd5b671b2200240,2,2,0.5333333333333333,0.0,2.0,0.0,2,2,2,1.0,0.0,0,0.99812496,0.0018750447
298,5f3ba61f3fd5b671b2200a57,5f3ba61e3fd5b671b2200279,2,2,0.5714285714285714,0.0,2.0,2.0,2,2,2,1.0,1.0,0,0.99793035,0.0020696593
299,5f3ba61f3fd5b671b22009bc,5f3ba61e3fd5b671b2200366,2,2,0.5517241379310345,0.0,2.0,2.0,2,2,2,2.0,0.0,0,0.99793035,0.0020696593
300,5f3ba61f3fd5b671b22009bc,5f3ba61e3fd5b671b2200240,2,2,0.5333333333333333,0.0,2.0,2.0,2,2,2,2.0,0.0,0,0.99793035,0.0020696593
301,5f3ba61f3fd5b671b22009bc,5f3ba61e3fd5b671b2200279,2,2,0.5714285714285714,0.0,2.0,2.0,2,2,2,2.0,0.0,0,0.99793035,0.0020696593
302,5f3ba61f3fd5b671b2200a1e,5f3ba61e3fd5b671b2200304,2,2,0.8148148148148148,0.5,2.0,2.0,2,2,2,1.0,0.0,0,0.909588,0.09041202
303,5f3ba61f3fd5b671b2200a1e,5f3ba61e3fd5b671b220036e,2,2,0.2941176470588235,0.0,2.0,2.0,2,2,2,2.0,0.0,0,0.99640864,0.003591377
304,5f3ba61f3fd5b671b2200a1e,5f3ba61e3fd5b671b2200321,2,2,0.8148148148148148,0.5,2.0,2.0,2,2,2,1.0,0.0,0,0.909588,0.09041202
305,5f3ba61e3fd5b671b220085d,5f3ba61e3fd5b671b2200304,2,2,1.0,1.0,2.0,2.0,2,2,2,1.0,1.0,1,0.010076582,0.9899234
306,5f3ba61e3fd5b671b220085d,5f3ba61e3fd5b671b220036e,2,2,0.303030303030303,0.0,2.0,2.0,2,2,2,2.0,0.0,0,0.99640864,0.003591377
307,5f3ba61e3fd5b671b220085d,5f3ba61e3fd5b671b2200321,2,2,1.0,1.0,2.0,0.0,2,2,2,1.0,1.0,1,0.010076582,0.9899234
308,5f3ba61f3fd5b671b22009e7,5f3ba61e3fd5b671b2200304,2,2,0.5789473684210527,1.0,2.0,2.0,2,2,2,2.0,1.0,1,0.011775613,0.9882244
309,5f3ba61f3fd5b671b22009e7,5f3ba61e3fd5b671b220036e,2,2,0.2222222222222222,0.0,2.0,2.0,2,2,2,2.0,0.0,0,0.99640864,0.003591377
310,5f3ba61f3fd5b671b22009e7,5f3ba61e3fd5b671b2200321,2,2,0.5789473684210527,1.0,2.0,2.0,2,2,2,2.0,1.0,1,0.011775613,0.9882244
311,5f3ba61f3fd5b671b2200a3c,5f3ba61e3fd5b671b22002f8,2,2,0.5538461538461539,0.1666666666666666,0.0,1.0,2,2,2,1.0,0.0,0,0.99518114,0.0048188474
312,5f3ba61e3fd5b671b22008bc,5f3ba61e3fd5b671b22002f8,2,2,1.0,1.0,2.0,1.0,2,2,2,1.0,1.0,1,0.010076582,0.9899234
313,5f3ba61f3fd5b671b2200a76,5f3ba61e3fd5b671b22002f8,2,2,0.5538461538461539,0.1666666666666666,0.0,1.0,2,2,2,1.0,0.0,0,0.99518114,0.0048188474
314,5f3ba61f3fd5b671b2200aa1,5f3ba61e3fd5b671b2200289,2,2,0.5,0.0,2.0,1.0,2,2,2,1.0,0.0,0,0.9605879,0.0394121
315,5f3ba61f3fd5b671b2200aa1,5f3ba61e3fd5b671b22002d0,2,2,0.5,0.0,2.0,2.0,2,2,2,1.0,0.0,0,0.9605879,0.0394121
316,5f3ba61f3fd5b671b2200aa1,5f3ba61e3fd5b671b22002c8,2,2,0.5,0.0,2.0,2.0,2,2,2,1.0,0.0,0,0.9605879,0.0394121
317,5f3ba61e3fd5b671b22008db,5f3ba61e3fd5b671b2200289,2,2,1.0,1.0,2.0,2.0,2,2,2,2.0,1.0,1,0.011775613,0.9882244
318,5f3ba61e3fd5b671b22008db,5f3ba61e3fd5b671b22002d0,2,2,1.0,1.0,2.0,2.0,2,2,2,2.0,1.0,1,0.011775613,0.9882244
319,5f3ba61e3fd5b671b22008db,5f3ba61e3fd5b671b22002c8,2,2,1.0,1.0,2.0,2.0,2,2,2,2.0,1.0,1,0.011775613,0.9882244
320,5f3ba61f3fd5b671b2200967,5f3ba61e3fd5b671b2200289,2,2,0.3636363636363636,0.0,2.0,0.0,2,2,2,2.0,0.0,0,0.9911012,0.008898822
321,5f3ba61f3fd5b671b2200967,5f3ba61e3fd5b671b22002d0,2,2,0.3636363636363636,0.0,2.0,2.0,2,2,2,2.0,0.0,0,0.98525643,0.014743554
322,5f3ba61f3fd5b671b2200967,5f3ba61e3fd5b671b22002c8,2,2,0.3636363636363636,0.0,2.0,2.0,2,2,2,2.0,0.0,0,0.98525643,0.014743554
323,5f3ba61f3fd5b671b2200acb,5f3ba61e3fd5b671b22002b9,2,2,1.0,1.0,2.0,2.0,2,2,2,2.0,1.0,1,0.011775613,0.9882244
324,5f3ba61e3fd5b671b220084a,5f3ba61e3fd5b671b2200291,2,2,0.5555555555555556,0.25,1.0,0.0,2,2,2,2.0,0.0,0,0.99610114,0.0038988707
325,5f3ba61f3fd5b671b220098e,5f3ba61e3fd5b671b2200291,2,2,0.5555555555555556,0.25,1.0,0.0,2,2,2,2.0,0.0,0,0.99610114,0.0038988707
326,5f3ba61e3fd5b671b2200850,5f3ba61e3fd5b671b220032a,2,2,0.5882352941176471,0.8571428571428571,2.0,0.8924731182795698,2,2,2,2.0,1.0,1,0.011775613,0.9882244
327,5f3ba61e3fd5b671b2200872,5f3ba61e3fd5b671b22002be,2,2,0.7142857142857143,0.0,1.0,0.0,2,2,2,2.0,0.0,0,0.99812496,0.0018750447
328,5f3ba61e3fd5b671b2200872,5f3ba61e3fd5b671b220037d,2,2,0.238095238095238,0.0,2.0,0.0,2,2,2,2.0,0.0,0,0.99677235,0.0032276683
329,5f3ba61e3fd5b671b2200872,5f3ba61e3fd5b671b22002d4,2,2,0.2777777777777778,0.0,2.0,2.0,2,2,2,2.0,0.0,0,0.99640864,0.003591377
330,5f3ba61e3fd5b671b220085e,5f3ba61e3fd5b671b22002be,2,2,0.3333333333333333,0.0,2.0,2.0,2,2,2,2.0,0.0,0,0.99640864,0.003591377
331,5f3ba61e3fd5b671b220085e,5f3ba61e3fd5b671b220037d,2,2,0.7222222222222222,0.0,2.0,2.0,2,2,2,2.0,0.0,0,0.99793035,0.0020696593
332,5f3ba61e3fd5b671b220085e,5f3ba61e3fd5b671b22002d4,2,2,0.5333333333333333,0.0,2.0,2.0,2,2,2,2.0,0.0,0,0.99793035,0.0020696593
333,5f3ba61e3fd5b671b2200899,5f3ba61e3fd5b671b22002be,2,2,0.3333333333333333,0.0,2.0,2.0,2,2,2,1.0,0.0,0,0.99640864,0.003591377
334,5f3ba61e3fd5b671b2200899,5f3ba61e3fd5b671b220037d,2,2,0.5333333333333333,0.0,2.0,2.0,2,2,2,1.0,0.0,0,0.99793035,0.0020696593
335,5f3ba61e3fd5b671b2200899,5f3ba61e3fd5b671b22002d4,2,2,1.0,1.0,2.0,2.0,2,2,2,1.0,1.0,1,0.010076582,0.9899234
336,5f3ba61f3fd5b671b2200980,5f3ba61e3fd5b671b22002be,2,2,0.2272727272727272,0.0,2.0,0.1666666666666666,2,2,2,2.0,0.0,0,0.99677235,0.0032276683
337,5f3ba61f3fd5b671b2200980,5f3ba61e3fd5b671b220037d,2,2,0.7272727272727273,1.0,2.0,0.8924731182795698,2,2,2,2.0,1.0,1,0.011775613,0.9882244
338,5f3ba61f3fd5b671b2200980,5f3ba61e3fd5b671b22002d4,2,2,0.4210526315789473,0.0,2.0,2.0,2,2,2,2.0,0.0,0,0.98525643,0.014743554
339,5f3ba61e3fd5b671b2200826,5f3ba61e3fd5b671b22002be,2,2,0.6666666666666666,0.0,0.0,0.0,2,2,2,2.0,0.0,0,0.99812496,0.0018750447
340,5f3ba61e3fd5b671b2200826,5f3ba61e3fd5b671b220037d,2,2,0.2222222222222222,0.0,2.0,0.0,2,2,2,2.0,0.0,0,0.99677235,0.0032276683
341,5f3ba61e3fd5b671b2200826,5f3ba61e3fd5b671b22002d4,2,2,0.2564102564102564,0.0,2.0,2.0,2,2,2,2.0,0.0,0,0.99640864,0.003591377
342,5f3ba61f3fd5b671b22009e1,5f3ba61e3fd5b671b22002be,2,2,0.2083333333333333,0.0,2.0,0.1666666666666666,2,2,2,1.0,0.0,0,0.99677235,0.0032276683
343,5f3ba61f3fd5b671b22009e1,5f3ba61e3fd5b671b220037d,2,2,0.5416666666666666,0.0,2.0,0.8924731182795698,2,2,2,1.0,0.0,0,0.99812496,0.0018750447
344,5f3ba61f3fd5b671b22009e1,5f3ba61e3fd5b671b22002d4,2,2,0.3809523809523809,0.0,2.0,2.0,2,2,2,1.0,0.0,0,0.98525643,0.014743554
345,5f3ba61e3fd5b671b2200916,5f3ba61e3fd5b671b22002be,2,2,0.2777777777777778,0.0,2.0,2.0,2,2,2,2.0,0.0,0,0.99640864,0.003591377
346,5f3ba61e3fd5b671b2200916,5f3ba61e3fd5b671b220037d,2,2,1.0,1.0,2.0,2.0,2,2,2,2.0,1.0,1,0.011775613,0.9882244
347,5f3ba61e3fd5b671b2200916,5f3ba61e3fd5b671b22002d4,2,2,0.5333333333333333,0.0,2.0,2.0,2,2,2,2.0,0.0,0,0.99793035,0.0020696593
348,5f3ba61e3fd5b671b220089e,5f3ba61e3fd5b671b2200293,2,2,0.7111111111111111,1.0,2.0,2.0,2,2,2,2.0,1.0,1,0.011775613,0.9882244
349,5f3ba61f3fd5b671b2200976,5f3ba61e3fd5b671b2200293,2,2,0.6923076923076923,1.0,2.0,0.8924731182795698,2,2,2,2.0,1.0,1,0.011775613,0.9882244
350,5f3ba61e3fd5b671b2200949,5f3ba61e3fd5b671b2200293,2,2,0.9473684210526316,1.0,2.0,2.0,2,2,2,2.0,1.0,1,0.011775613,0.9882244
351,5f3ba61e3fd5b671b22008b9,5f3ba61e3fd5b671b2200277,2,2,0.2580645161290322,0.0,2.0,2.0,2,2,2,2.0,0.0,0,0.99640864,0.003591377
352,5f3ba61e3fd5b671b22008b9,5f3ba61e3fd5b671b2200341,2,2,0.2222222222222222,0.0,2.0,2.0,2,2,2,2.0,0.0,0,0.99640864,0.003591377
353,5f3ba61e3fd5b671b22008b9,5f3ba61e3fd5b671b22002bc,2,2,0.2285714285714285,0.0,2.0,0.0,2,2,2,2.0,0.0,0,0.99677235,0.0032276683
354,5f3ba61e3fd5b671b2200868,5f3ba61e3fd5b671b2200277,2,2,0.4166666666666667,0.0,2.0,2.0,2,2,2,0.0666666666666666,0.0,0,0.98525643,0.014743554
355,5f3ba61e3fd5b671b2200868,5f3ba61e3fd5b671b2200341,2,2,0.6896551724137931,0.0,2.0,2.0,2,2,2,0.0666666666666666,0.0,0,0.99793035,0.0020696593
356,5f3ba61e3fd5b671b2200868,5f3ba61e3fd5b671b22002bc,2,2,0.7142857142857143,0.0,2.0,2.0,2,2,2,1.0,0.0,0,0.99793035,0.0020696593
357,5f3ba61e3fd5b671b22008aa,5f3ba61e3fd5b671b2200277,2,2,0.2580645161290322,0.0,2.0,2.0,2,2,2,2.0,0.0,0,0.99640864,0.003591377
358,5f3ba61e3fd5b671b22008aa,5f3ba61e3fd5b671b2200341,2,2,0.2222222222222222,0.0,2.0,2.0,2,2,2,2.0,0.0,0,0.99640864,0.003591377
359,5f3ba61e3fd5b671b22008aa,5f3ba61e3fd5b671b22002bc,2,2,0.2285714285714285,0.0,2.0,0.0,2,2,2,2.0,0.0,0,0.99677235,0.0032276683
360,5f3ba61e3fd5b671b22008d4,5f3ba61e3fd5b671b2200277,2,2,0.2580645161290322,0.0,2.0,2.0,2,2,2,2.0,0.0,0,0.99640864,0.003591377
361,5f3ba61e3fd5b671b22008d4,5f3ba61e3fd5b671b2200341,2,2,0.2222222222222222,0.0,2.0,2.0,2,2,2,2.0,0.0,0,0.99640864,0.003591377
362,5f3ba61e3fd5b671b22008d4,5f3ba61e3fd5b671b22002bc,2,2,0.2285714285714285,0.0,2.0,0.0,2,2,2,2.0,0.0,0,0.99677235,0.0032276683
363,5f3ba61e3fd5b671b22008d5,5f3ba61e3fd5b671b2200277,2,2,0.2580645161290322,0.0,2.0,2.0,2,2,2,2.0,0.0,0,0.99640864,0.003591377
364,5f3ba61e3fd5b671b22008d5,5f3ba61e3fd5b671b2200341,2,2,0.2222222222222222,0.0,2.0,2.0,2,2,2,2.0,0.0,0,0.99640864,0.003591377
365,5f3ba61e3fd5b671b22008d5,5f3ba61e3fd5b671b22002bc,2,2,0.2285714285714285,0.0,2.0,0.0,2,2,2,2.0,0.0,0,0.99677235,0.0032276683
366,5f3ba61f3fd5b671b2200983,5f3ba61e3fd5b671b22002e3,2,2,0.5423728813559322,1.0,2.0,1.0,2,2,2,0.0,1.0,1,0.010076582,0.9899234
367,5f3ba61f3fd5b671b22009f8,5f3ba61e3fd5b671b22002f7,2,2,0.7916666666666666,1.0,1.0,1.0,2,2,2,2.0,1.0,1,0.011775613,0.9882244
368,5f3ba61f3fd5b671b2200a3f,5f3ba61e3fd5b671b2200323,2,2,1.0,1.0,2.0,1.0,2,2,2,0.3333333333333333,1.0,1,0.010076582,0.9899234
369,5f3ba61f3fd5b671b2200a7e,5f3ba61e3fd5b671b22002e1,2,2,0.6956521739130435,1.0,2.0,2.0,2,2,2,2.0,1.0,1,0.011775613,0.9882244
370,5f3ba61f3fd5b671b2200a7e,5f3ba61e3fd5b671b220039d,2,2,0.4761904761904761,0.0,2.0,2.0,2,2,2,2.0,0.0,0,0.9605879,0.0394121
371,5f3ba61f3fd5b671b2200ab3,5f3ba61e3fd5b671b2200365,2,2,0.48,0.3333333333333333,0.0,0.3333333333333333,2,2,2,2.0,0.0,1,0.43380594,0.56619406
372,5f3ba61f3fd5b671b2200ab3,5f3ba61e3fd5b671b220035f,2,2,0.7659574468085106,0.3333333333333333,0.0,0.3333333333333333,2,2,2,2.0,0.0,0,0.93366283,0.06633715
373,5f3ba61e3fd5b671b220090b,5f3ba61e3fd5b671b2200365,2,2,0.4482758620689655,1.0,1.0,1.0,2,2,2,1.0,1.0,1,0.011358976,0.988641
374,5f3ba61e3fd5b671b220090b,5f3ba61e3fd5b671b220035f,2,2,0.6909090909090909,1.0,1.0,1.0,2,2,2,1.0,1.0,1,0.010076582,0.9899234
375,5f3ba61f3fd5b671b2200ad5,5f3ba61e3fd5b671b220025e,2,2,0.5517241379310345,0.3333333333333333,2.0,0.0,2,2,2,1.0,0.0,0,0.92321336,0.07678667
376,5f3ba61f3fd5b671b2200ad5,5f3ba61e3fd5b671b2200338,2,2,0.5333333333333333,0.3333333333333333,2.0,0.0,2,2,2,1.0,0.0,0,0.92321336,0.07678667
377,5f3ba61f3fd5b671b2200999,5f3ba61e3fd5b671b220025e,2,2,0.5161290322580645,0.3333333333333333,2.0,2.0,2,2,2,1.0,0.0,1,0.43942273,0.5605773
378,5f3ba61f3fd5b671b2200999,5f3ba61e3fd5b671b2200338,2,2,0.5,0.3333333333333333,2.0,2.0,2,2,2,1.0,0.0,1,0.43942273,0.5605773
379,5f3ba61e3fd5b671b2200801,5f3ba61e3fd5b671b220025e,2,2,0.6382978723404256,0.3333333333333333,0.0,0.0,2,2,2,2.0,0.0,0,0.93366283,0.06633715
380,5f3ba61e3fd5b671b2200801,5f3ba61e3fd5b671b2200338,2,2,0.5416666666666666,0.3333333333333333,0.0,0.0,2,2,2,2.0,0.0,0,0.93366283,0.06633715
381,5f3ba61f3fd5b671b2200b14,5f3ba61e3fd5b671b22002b3,2,2,0.3414634146341463,1.0,2.0,2.0,2,2,2,1.0,1.0,1,0.014975905,0.9850241
382,5f3ba61f3fd5b671b2200b14,5f3ba61e3fd5b671b220028c,2,2,0.3414634146341463,1.0,2.0,2.0,2,2,2,1.0,1.0,1,0.014975905,0.9850241
383,5f3ba61f3fd5b671b2200b1d,5f3ba61e3fd5b671b22002d3,2,2,0.3,0.25,1.0,0.0,2,2,2,2.0,0.0,0,0.99215925,0.00784074
384,5f3ba61f3fd5b671b2200b1d,5f3ba61e3fd5b671b2200314,2,2,0.3,0.25,1.0,0.0,2,2,2,2.0,0.0,0,0.99215925,0.00784074
385,5f3ba61f3fd5b671b2200b20,5f3ba61e3fd5b671b2200288,2,2,0.5555555555555556,0.1428571428571428,2.0,0.0,2,2,2,0.3333333333333333,0.0,0,0.9951984,0.0048015476
386,5f3ba61e3fd5b671b2200946,5f3ba61e3fd5b671b2200288,2,2,0.4324324324324324,0.125,2.0,0.0,2,2,2,0.0,0.0,0,0.9911012,0.008898822
387,5f3ba61f3fd5b671b22009b5,5f3ba61e3fd5b671b2200288,2,2,0.5263157894736842,0.1428571428571428,2.0,0.0,2,2,2,2.0,0.0,0,0.81984675,0.18015322
388,5f3ba61e3fd5b671b2200809,5f3ba61e3fd5b671b220034f,2,2,0.7692307692307693,0.0,2.0,2.0,2,2,2,1.0,0.0,0,0.99793035,0.0020696593
389,5f3ba61e3fd5b671b2200809,5f3ba61e3fd5b671b2200360,2,2,0.7692307692307693,0.0,2.0,2.0,2,2,2,1.0,0.0,0,0.99793035,0.0020696593
390,5f3ba61e3fd5b671b2200809,5f3ba61e3fd5b671b220027e,2,2,0.6875,0.0,1.0,0.0,2,2,2,1.0,0.0,0,0.99812496,0.0018750447
391,5f3ba61e3fd5b671b2200809,5f3ba61e3fd5b671b220026d,2,2,0.7692307692307693,0.0,2.0,2.0,2,2,2,1.0,0.0,0,0.99793035,0.0020696593
392,5f3ba61e3fd5b671b2200809,5f3ba61e3fd5b671b2200278,2,2,0.7692307692307693,0.0,2.0,2.0,2,2,2,1.0,0.0,0,0.99793035,0.0020696593
393,5f3ba61e3fd5b671b2200809,5f3ba61e3fd5b671b22002f3,2,2,0.7692307692307693,0.0,2.0,0.0,2,2,2,0.25,0.0,0,0.99812496,0.0018750447
394,5f3ba61e3fd5b671b2200809,5f3ba61e3fd5b671b2200345,2,2,0.7692307692307693,0.0,2.0,2.0,2,2,2,1.0,0.0,0,0.99793035,0.0020696593
395,5f3ba61e3fd5b671b2200809,5f3ba61e3fd5b671b220025f,2,2,0.7692307692307693,0.0,2.0,2.0,2,2,2,1.0,0.0,0,0.99793035,0.0020696593
396,5f3ba61e3fd5b671b2200809,5f3ba61e3fd5b671b220027c,2,2,0.7692307692307693,0.0,2.0,2.0,2,2,2,2.0,0.0,0,0.99793035,0.0020696593
397,5f3ba61e3fd5b671b2200809,5f3ba61e3fd5b671b2200356,2,2,0.7692307692307693,0.0,0.0,0.0,2,2,2,1.0,0.0,0,0.99812496,0.0018750447
398,5f3ba61e3fd5b671b2200809,5f3ba61e3fd5b671b2200252,2,2,0.7692307692307693,0.0,2.0,2.0,2,2,2,1.0,0.0,0,0.99793035,0.0020696593
399,5f3ba61e3fd5b671b2200809,5f3ba61e3fd5b671b22002b7,2,2,0.7142857142857143,0.0,2.0,2.0,2,2,2,0.25,0.0,0,0.99793035,0.0020696593
400,5f3ba61e3fd5b671b2200809,5f3ba61e3fd5b671b22002f2,2,2,0.7692307692307693,0.0,2.0,2.0,2,2,2,1.0,0.0,0,0.99793035,0.0020696593
401,5f3ba61e3fd5b671b2200856,5f3ba61e3fd5b671b2200309,2,2,0.6938775510204082,0.2222222222222222,2.0,0.0,2,2,2,1.0,0.0,0,0.99610114,0.0038988707
402,5f3ba61e3fd5b671b2200856,5f3ba61e3fd5b671b22002d2,2,2,0.3,0.2222222222222222,2.0,0.0,2,2,2,1.0,0.0,0,0.99215925,0.00784074
403,5f3ba61e3fd5b671b220086a,5f3ba61e3fd5b671b220029a,2,2,1.0,1.0,2.0,2.0,2,2,2,2.0,1.0,1,0.011775613,0.9882244
404,5f3ba61f3fd5b671b2200a56,5f3ba61e3fd5b671b220029a,2,2,1.0,1.0,2.0,2.0,2,2,2,2.0,1.0,1,0.011775613,0.9882244
405,5f3ba61f3fd5b671b2200ab2,5f3ba61e3fd5b671b220029a,2,2,0.5454545454545454,0.5,2.0,0.3630869363086936,2,2,2,2.0,0.0,0,0.8669118,0.13308817
406,5f3ba61e3fd5b671b22008b5,5f3ba61e3fd5b671b22002cb,2,2,0.6956521739130435,0.1428571428571428,2.0,0.0,2,2,2,0.1,0.0,0,0.9951984,0.0048015476
407,5f3ba61e3fd5b671b2200909,5f3ba61e3fd5b671b22002cc,2,2,0.3870967741935484,0.2,2.0,2.0,2,2,2,1.0,0.0,0,0.9688723,0.031127699
408,5f3ba61e3fd5b671b2200953,5f3ba61e3fd5b671b220031d,2,2,0.5555555555555556,0.1428571428571428,2.0,0.0,2,2,2,0.1,0.0,0,0.9951984,0.0048015476
409,5f3ba61f3fd5b671b2200a5c,5f3ba61e3fd5b671b220031d,2,2,0.5555555555555556,0.1428571428571428,2.0,0.0,2,2,2,0.1,0.0,0,0.9951984,0.0048015476
410,5f3ba61f3fd5b671b2200977,5f3ba61e3fd5b671b220031d,2,2,0.5555555555555556,0.1428571428571428,2.0,0.0,2,2,2,0.1,0.0,0,0.9951984,0.0048015476
411,5f3ba61f3fd5b671b220098d,5f3ba61e3fd5b671b220030e,2,2,0.5806451612903226,0.5,2.0,0.0,2,2,2,1.0,0.0,0,0.84766316,0.1523368
412,5f3ba61f3fd5b671b220098d,5f3ba61e3fd5b671b22002a8,2,2,0.5806451612903226,0.5,2.0,0.0,2,2,2,1.0,0.0,0,0.84766316,0.1523368
413,5f3ba61f3fd5b671b220098d,5f3ba61e3fd5b671b2200375,2,2,1.0,1.0,2.0,0.8924731182795698,2,2,2,1.0,1.0,1,0.010076582,0.9899234
414,5f3ba61f3fd5b671b22009ae,5f3ba61e3fd5b671b220030e,2,2,0.3272727272727272,0.5,1.0,1.0,2,2,2,1.0,0.0,0,0.83735013,0.16264987
415,5f3ba61f3fd5b671b22009ae,5f3ba61e3fd5b671b22002a8,2,2,0.3272727272727272,0.5,1.0,1.0,2,2,2,1.0,0.0,0,0.83735013,0.16264987
416,5f3ba61f3fd5b671b22009ae,5f3ba61e3fd5b671b2200375,2,2,0.5,1.0,2.0,0.0,2,2,2,1.0,1.0,1,0.0028436184,0.9971564
417,5f3ba61f3fd5b671b2200aa9,5f3ba61e3fd5b671b220030e,2,2,0.3272727272727272,0.5,1.0,1.0,2,2,2,1.0,0.0,0,0.83735013,0.16264987
418,5f3ba61f3fd5b671b2200aa9,5f3ba61e3fd5b671b22002a8,2,2,0.3272727272727272,0.5,1.0,1.0,2,2,2,1.0,0.0,0,0.83735013,0.16264987
419,5f3ba61f3fd5b671b2200aa9,5f3ba61e3fd5b671b2200375,2,2,0.5,1.0,2.0,0.0,2,2,2,1.0,1.0,1,0.0028436184,0.9971564
420,5f3ba61f3fd5b671b2200a8b,5f3ba61e3fd5b671b220030e,2,2,0.3272727272727272,0.5,1.0,1.0,2,2,2,1.0,0.0,0,0.83735013,0.16264987
421,5f3ba61f3fd5b671b2200a8b,5f3ba61e3fd5b671b22002a8,2,2,0.3272727272727272,0.5,1.0,1.0,2,2,2,1.0,0.0,0,0.83735013,0.16264987
422,5f3ba61f3fd5b671b2200a8b,5f3ba61e3fd5b671b2200375,2,2,0.5,1.0,2.0,0.0,2,2,2,1.0,1.0,1,0.0028436184,0.9971564
423,5f3ba61e3fd5b671b22008ba,5f3ba61e3fd5b671b220030e,2,2,0.5806451612903226,0.5,2.0,0.0,2,2,2,1.0,0.0,0,0.84766316,0.1523368
424,5f3ba61e3fd5b671b22008ba,5f3ba61e3fd5b671b22002a8,2,2,0.5806451612903226,0.5,2.0,0.0,2,2,2,1.0,0.0,0,0.84766316,0.1523368
425,5f3ba61e3fd5b671b22008ba,5f3ba61e3fd5b671b2200375,2,2,1.0,1.0,2.0,0.8924731182795698,2,2,2,1.0,1.0,1,0.010076582,0.9899234
426,5f3ba61f3fd5b671b2200991,5f3ba61e3fd5b671b22002e5,2,2,0.6779661016949152,1.0,2.0,1.0,2,2,2,0.25,1.0,1,0.010076582,0.9899234
427,5f3ba61f3fd5b671b2200aa5,5f3ba61e3fd5b671b22002a7,2,2,0.8260869565217391,0.1111111111111111,1.0,0.3333333333333333,2,2,2,2.0,0.0,0,0.99812496,0.0018750447
428,5f3ba61f3fd5b671b2200aa5,5f3ba61e3fd5b671b2200373,2,2,0.8260869565217391,0.1111111111111111,1.0,0.3333333333333333,2,2,2,2.0,0.0,0,0.99812496,0.0018750447
429,5f3ba61f3fd5b671b2200aa5,5f3ba61e3fd5b671b220039f,2,2,0.8695652173913043,0.25,1.0,0.0,2,2,2,2.0,0.0,0,0.99610114,0.0038988707
430,5f3ba61f3fd5b671b2200aa5,5f3ba61e3fd5b671b22002a6,2,2,0.8260869565217391,0.1111111111111111,1.0,0.3333333333333333,2,2,2,2.0,0.0,0,0.99812496,0.0018750447
431,5f3ba61f3fd5b671b2200aab,5f3ba61e3fd5b671b2200272,2,2,1.0,1.0,2.0,2.0,2,2,2,0.2857142857142857,1.0,1,0.010076582,0.9899234
432,5f3ba61f3fd5b671b2200b33,5f3ba61e3fd5b671b22002e7,2,2,0.5853658536585366,1.0,1.0,0.8666666666666667,2,2,2,1.0,1.0,1,0.010076582,0.9899234
433,5f3ba61f3fd5b671b2200b33,5f3ba61e3fd5b671b2200337,2,2,0.5217391304347826,1.0,1.0,0.8666666666666667,2,2,2,1.0,1.0,1,0.0028436184,0.9971564
434,5f3ba61e3fd5b671b2200875,5f3ba61e3fd5b671b2200296,2,2,0.625,1.0,2.0,0.0,2,2,2,2.0,1.0,1,0.011775613,0.9882244
435,5f3ba61f3fd5b671b22009f3,5f3ba61e3fd5b671b2200296,2,2,0.5555555555555556,1.0,2.0,0.0,2,2,2,2.0,1.0,1,0.011775613,0.9882244
436,5f3ba61e3fd5b671b220087f,5f3ba61e3fd5b671b22002a4,2,2,0.4,0.0,2.0,2.0,2,2,2,2.0,0.0,0,0.98525643,0.014743554
437,5f3ba61e3fd5b671b220087f,5f3ba61e3fd5b671b2200302,2,2,0.4,0.0,2.0,2.0,2,2,2,2.0,0.0,0,0.98525643,0.014743554
438,5f3ba61e3fd5b671b220087f,5f3ba61e3fd5b671b2200378,2,2,0.4,0.0,2.0,0.0,2,2,2,2.0,0.0,0,0.9911012,0.008898822
439,5f3ba61e3fd5b671b220087f,5f3ba61e3fd5b671b220038d,2,2,0.4,0.0,2.0,0.0,2,2,2,2.0,0.0,0,0.9911012,0.008898822
440,5f3ba61e3fd5b671b220090a,5f3ba61e3fd5b671b2200248,2,2,0.6666666666666666,1.0,2.0,2.0,2,2,2,1.0,1.0,1,0.010076582,0.9899234
441,5f3ba61e3fd5b671b220094a,5f3ba61e3fd5b671b2200322,2,2,0.3720930232558139,1.0,2.0,1.0,2,2,2,1.0,1.0,1,0.011358976,0.988641
442,5f3ba61e3fd5b671b220094a,5f3ba61e3fd5b671b220034a,2,2,0.3720930232558139,1.0,2.0,1.0,2,2,2,1.0,1.0,1,0.011358976,0.988641
443,5f3ba61f3fd5b671b2200970,5f3ba61e3fd5b671b2200325,2,2,0.4857142857142857,1.0,0.0,1.0,2,2,2,1.0,1.0,1,0.0028436184,0.9971564
444,5f3ba61f3fd5b671b2200979,5f3ba61e3fd5b671b220028b,2,2,0.4571428571428571,0.1666666666666666,2.0,2.0,2,2,2,1.0,0.0,0,0.9729134,0.02708662
445,5f3ba61f3fd5b671b2200a9b,5f3ba61e3fd5b671b220028b,2,2,0.4347826086956521,0.1666666666666666,2.0,2.0,2,2,2,1.0,0.0,0,0.9729134,0.02708662
446,5f3ba61f3fd5b671b2200a48,5f3ba61e3fd5b671b22002da,2,2,0.5806451612903226,1.0,2.0,2.0,2,2,2,1.0,1.0,1,0.010076582,0.9899234
447,5f3ba61f3fd5b671b2200a66,5f3ba61e3fd5b671b22002da,2,2,0.5806451612903226,1.0,2.0,2.0,2,2,2,1.0,1.0,1,0.010076582,0.9899234
448,5f3ba61f3fd5b671b22009c7,5f3ba61e3fd5b671b22002da,2,2,0.375,0.0,2.0,2.0,2,2,2,2.0,0.0,0,0.98525643,0.014743554
449,5f3ba61f3fd5b671b2200b0c,5f3ba61e3fd5b671b22002da,2,2,0.6666666666666666,1.0,2.0,2.0,2,2,2,2.0,1.0,1,0.011775613,0.9882244
450,5f3ba61e3fd5b671b220082c,5f3ba61e3fd5b671b22002c0,2,2,0.5769230769230769,0.2,1.0,0.0,2,2,2,1.0,0.0,0,0.99610114,0.0038988707
451,5f3ba61f3fd5b671b22009e2,5f3ba61e3fd5b671b22002c0,2,2,0.5769230769230769,0.2,1.0,0.0,2,2,2,1.0,0.0,0,0.99610114,0.0038988707
452,5f3ba61e3fd5b671b2200835,5f3ba61e3fd5b671b220034e,2,2,0.4745762711864407,0.0,0.0,0.0,2,2,2,2.0,0.0,0,0.9759734,0.024026595
453,5f3ba61e3fd5b671b22008c1,5f3ba61e3fd5b671b2200268,2,2,0.6060606060606061,0.0,2.0,0.8924731182795698,2,2,2,2.0,0.0,0,0.99812496,0.0018750447
454,5f3ba61e3fd5b671b22008c1,5f3ba61e3fd5b671b22002ba,2,2,0.4827586206896552,0.0,2.0,0.0,2,2,2,2.0,0.0,0,0.9759734,0.024026595
455,5f3ba61e3fd5b671b22008c1,5f3ba61e3fd5b671b22002ee,2,2,0.4827586206896552,0.0,2.0,0.0,2,2,2,2.0,0.0,0,0.9759734,0.024026595
456,5f3ba61f3fd5b671b22009ee,5f3ba61e3fd5b671b2200268,2,2,0.4117647058823529,0.0,0.0,0.0,2,2,2,2.0,0.0,0,0.9911012,0.008898822
457,5f3ba61f3fd5b671b22009ee,5f3ba61e3fd5b671b22002ba,2,2,0.4666666666666667,0.0,0.3333333333333333,0.0,2,2,2,2.0,0.0,0,0.8143635,0.18563649
458,5f3ba61f3fd5b671b22009ee,5f3ba61e3fd5b671b22002ee,2,2,0.4666666666666667,0.0,0.3333333333333333,0.0,2,2,2,2.0,0.0,0,0.8143635,0.18563649
459,5f3ba61e3fd5b671b22008f3,5f3ba61e3fd5b671b220030f,2,2,0.3265306122448979,0.2,2.0,0.0,2,2,2,0.1,0.0,0,0.99215925,0.00784074
460,5f3ba61e3fd5b671b22008fc,5f3ba61e3fd5b671b2200344,2,2,0.4666666666666667,1.0,2.0,2.0,2,2,2,2.0,1.0,1,0.00055748224,0.9994425
461,5f3ba61f3fd5b671b220096b,5f3ba61e3fd5b671b22002db,2,2,0.1428571428571428,0.5,2.0,2.0,2,2,2,0.0952380952380952,0.0,0,0.920095,0.079904996
462,5f3ba61f3fd5b671b220096b,5f3ba61e3fd5b671b220035d,2,2,0.1428571428571428,0.5,2.0,2.0,2,2,2,0.0952380952380952,0.0,0,0.920095,0.079904996
463,5f3ba61f3fd5b671b220096b,5f3ba61e3fd5b671b220033b,2,2,0.1428571428571428,0.5,2.0,2.0,2,2,2,0.0952380952380952,0.0,0,0.920095,0.079904996
464,5f3ba61f3fd5b671b220099d,5f3ba61e3fd5b671b22002db,2,2,0.1428571428571428,0.5,2.0,2.0,2,2,2,0.0952380952380952,0.0,0,0.920095,0.079904996
465,5f3ba61f3fd5b671b220099d,5f3ba61e3fd5b671b220035d,2,2,0.1428571428571428,0.5,2.0,2.0,2,2,2,0.0952380952380952,0.0,0,0.920095,0.079904996
466,5f3ba61f3fd5b671b220099d,5f3ba61e3fd5b671b220033b,2,2,0.1428571428571428,0.5,2.0,2.0,2,2,2,0.0952380952380952,0.0,0,0.920095,0.079904996
467,5f3ba61f3fd5b671b2200b0f,5f3ba61e3fd5b671b22002db,2,2,0.1428571428571428,0.5,2.0,2.0,2,2,2,0.0952380952380952,0.0,0,0.920095,0.079904996
468,5f3ba61f3fd5b671b2200b0f,5f3ba61e3fd5b671b220035d,2,2,0.1428571428571428,0.5,2.0,2.0,2,2,2,0.0952380952380952,0.0,0,0.920095,0.079904996
469,5f3ba61f3fd5b671b2200b0f,5f3ba61e3fd5b671b220033b,2,2,0.1428571428571428,0.5,2.0,2.0,2,2,2,0.0952380952380952,0.0,0,0.920095,0.079904996
470,5f3ba61f3fd5b671b2200a30,5f3ba61e3fd5b671b22002db,2,2,0.1428571428571428,0.5,2.0,2.0,2,2,2,0.0952380952380952,0.0,0,0.920095,0.079904996
471,5f3ba61f3fd5b671b2200a30,5f3ba61e3fd5b671b220035d,2,2,0.1428571428571428,0.5,2.0,2.0,2,2,2,0.0952380952380952,0.0,0,0.920095,0.079904996
472,5f3ba61f3fd5b671b2200a30,5f3ba61e3fd5b671b220033b,2,2,0.1428571428571428,0.5,2.0,2.0,2,2,2,0.0952380952380952,0.0,0,0.920095,0.079904996
473,5f3ba61f3fd5b671b2200981,5f3ba61e3fd5b671b220025a,2,2,0.8837209302325582,0.4,2.0,2.0,2,2,2,2.0,0.0,0,0.9476123,0.052387744
474,5f3ba61f3fd5b671b2200981,5f3ba61e3fd5b671b22002c6,2,2,0.6666666666666666,0.6,2.0,2.0,2,2,2,2.0,0.0,0,0.9217345,0.07826549
475,5f3ba61e3fd5b671b22008cf,5f3ba61e3fd5b671b220025a,2,2,0.7317073170731707,0.0,2.0,2.0,2,2,2,2.0,0.0,0,0.99793035,0.0020696593
476,5f3ba61e3fd5b671b22008cf,5f3ba61e3fd5b671b22002c6,2,2,0.5714285714285714,0.0,2.0,2.0,2,2,2,0.1,0.0,0,0.99793035,0.0020696593
477,5f3ba61f3fd5b671b220099e,5f3ba61e3fd5b671b22002dc,2,2,0.2564102564102564,0.0,2.0,2.0,2,2,2,2.0,0.0,0,0.99640864,0.003591377
478,5f3ba61f3fd5b671b22009e5,5f3ba61e3fd5b671b2200330,2,2,0.6818181818181818,0.25,2.0,0.0,2,2,2,0.2857142857142857,0.0,0,0.99610114,0.0038988707
479,5f3ba61f3fd5b671b22009e5,5f3ba61e3fd5b671b22002c5,2,2,0.3684210526315789,0.3,2.0,0.0,2,2,2,1.0,0.0,0,0.96294755,0.037052467
480,5f3ba61f3fd5b671b22009e5,5f3ba61e3fd5b671b2200335,2,2,0.7659574468085106,0.3,2.0,0.0,2,2,2,1.0,0.0,0,0.99504787,0.004952157
481,5f3ba61f3fd5b671b22009e5,5f3ba61e3fd5b671b2200391,2,2,0.7659574468085106,0.3,2.0,0.0,2,2,2,0.25,0.0,0,0.99504787,0.004952157
482,5f3ba61e3fd5b671b2200862,5f3ba61e3fd5b671b2200330,2,2,0.7906976744186046,0.2857142857142857,2.0,0.0,2,2,2,2.0,0.0,0,0.99504787,0.004952157
483,5f3ba61e3fd5b671b2200862,5f3ba61e3fd5b671b22002c5,2,2,0.4864864864864865,0.3333333333333333,2.0,0.0,2,2,2,2.0,0.0,1,0.43380594,0.56619406
484,5f3ba61e3fd5b671b2200862,5f3ba61e3fd5b671b2200335,2,2,0.8695652173913043,0.3333333333333333,2.0,0.0,2,2,2,2.0,0.0,0,0.93366283,0.06633715
485,5f3ba61e3fd5b671b2200862,5f3ba61e3fd5b671b2200391,2,2,0.8695652173913043,0.3333333333333333,2.0,0.0,2,2,2,2.0,0.0,0,0.93366283,0.06633715
486,5f3ba61f3fd5b671b2200a7d,5f3ba61e3fd5b671b2200330,2,2,0.8372093023255814,0.5,0.0,1.0,2,2,2,0.2857142857142857,1.0,0,0.8181133,0.18188667
487,5f3ba61f3fd5b671b2200a7d,5f3ba61e3fd5b671b22002c5,2,2,0.6486486486486487,1.0,0.0,1.0,2,2,2,1.0,1.0,1,0.010076582,0.9899234
488,5f3ba61f3fd5b671b2200a7d,5f3ba61e3fd5b671b2200335,2,2,1.0,1.0,0.0,1.0,2,2,2,1.0,1.0,1,0.010076582,0.9899234
489,5f3ba61f3fd5b671b2200a7d,5f3ba61e3fd5b671b2200391,2,2,0.8695652173913043,0.3333333333333333,0.1358024691358025,0.0,2,2,2,0.25,0.0,0,0.92321336,0.07678667
490,5f3ba61f3fd5b671b2200a22,5f3ba61e3fd5b671b2200369,2,2,0.9333333333333332,1.0,2.0,0.3333333333333333,2,2,2,2.0,1.0,1,0.011775613,0.9882244
491,5f3ba61f3fd5b671b2200a6b,5f3ba61e3fd5b671b2200308,2,2,1.0,1.0,2.0,2.0,2,2,2,2.0,1.0,1,0.011775613,0.9882244
492,5f3ba61f3fd5b671b2200a85,5f3ba61e3fd5b671b220024a,2,2,0.4444444444444444,0.0,2.0,0.1666666666666666,2,2,2,1.0,0.0,0,0.9911012,0.008898822
493,5f3ba61f3fd5b671b2200a85,5f3ba61e3fd5b671b220035b,2,2,1.0,1.0,2.0,1.0,2,2,2,0.2307692307692307,1.0,1,0.010076582,0.9899234
494,5f3ba61f3fd5b671b2200b17,5f3ba61e3fd5b671b220024a,2,2,0.4571428571428571,0.0,2.0,0.1666666666666666,2,2,2,1.0,0.0,0,0.9911012,0.008898822
495,5f3ba61f3fd5b671b2200b17,5f3ba61e3fd5b671b220035b,2,2,0.8,0.0,2.0,1.0,2,2,2,0.2307692307692307,0.0,0,0.99793035,0.0020696593
496,5f3ba61f3fd5b671b2200a9f,5f3ba61e3fd5b671b220032f,2,2,0.5,0.0833333333333333,1.0,0.4444444444444445,2,2,2,1.0,0.0,0,0.9759734,0.024026595
497,5f3ba61f3fd5b671b2200a9f,5f3ba61e3fd5b671b22003a1,2,2,0.5,0.0833333333333333,1.0,0.4444444444444445,2,2,2,1.0,0.0,0,0.9759734,0.024026595
498,5f3ba61f3fd5b671b2200a9f,5f3ba61e3fd5b671b2200359,2,2,0.5,0.0833333333333333,1.0,0.4444444444444445,2,2,2,1.0,0.0,0,0.9759734,0.024026595
499,5f3ba61f3fd5b671b2200a9f,5f3ba61e3fd5b671b22002d8,2,2,0.5,0.0833333333333333,1.0,0.4444444444444445,2,2,2,1.0,0.0,0,0.9759734,0.024026595
500,5f3ba61f3fd5b671b2200ab6,5f3ba61e3fd5b671b2200377,2,2,0.782608695652174,0.6666666666666666,2.0,2.0,2,2,2,2.0,0.0,1,0.011775613,0.9882244
501,5f3ba61f3fd5b671b2200ac1,5f3ba61e3fd5b671b2200377,2,2,0.5161290322580645,0.3333333333333333,2.0,2.0,2,2,2,2.0,0.0,1,0.478521,0.521479
502,5f3ba61f3fd5b671b2200abc,5f3ba61e3fd5b671b2200348,2,2,1.0,1.0,2.0,2.0,2,2,2,2.0,1.0,1,0.011775613,0.9882244
503,5f3ba61f3fd5b671b2200abc,5f3ba61e3fd5b671b2200306,2,2,1.0,1.0,2.0,2.0,2,2,2,2.0,1.0,1,0.011775613,0.9882244
504,5f3ba61f3fd5b671b2200abc,5f3ba61e3fd5b671b22002a5,2,2,1.0,1.0,2.0,2.0,2,2,2,2.0,1.0,1,0.011775613,0.9882244
505,5f3ba61f3fd5b671b2200abc,5f3ba61e3fd5b671b2200349,2,2,1.0,1.0,2.0,2.0,2,2,2,2.0,1.0,1,0.011775613,0.9882244
506,5f3ba61e3fd5b671b220089b,5f3ba61e3fd5b671b2200348,2,2,1.0,1.0,2.0,2.0,2,2,2,2.0,1.0,1,0.011775613,0.9882244
507,5f3ba61e3fd5b671b220089b,5f3ba61e3fd5b671b2200306,2,2,1.0,1.0,2.0,2.0,2,2,2,2.0,1.0,1,0.011775613,0.9882244
508,5f3ba61e3fd5b671b220089b,5f3ba61e3fd5b671b22002a5,2,2,1.0,1.0,2.0,2.0,2,2,2,2.0,1.0,1,0.011775613,0.9882244
509,5f3ba61e3fd5b671b220089b,5f3ba61e3fd5b671b2200349,2,2,1.0,1.0,2.0,2.0,2,2,2,2.0,1.0,1,0.011775613,0.9882244
510,5f3ba61f3fd5b671b220095d,5f3ba61e3fd5b671b2200348,2,2,1.0,1.0,2.0,2.0,2,2,2,1.0,1.0,1,0.010076582,0.9899234
511,5f3ba61f3fd5b671b220095d,5f3ba61e3fd5b671b2200306,2,2,1.0,1.0,2.0,2.0,2,2,2,2.0,1.0,1,0.011775613,0.9882244
512,5f3ba61f3fd5b671b220095d,5f3ba61e3fd5b671b22002a5,2,2,1.0,1.0,2.0,2.0,2,2,2,1.0,1.0,1,0.010076582,0.9899234
513,5f3ba61f3fd5b671b220095d,5f3ba61e3fd5b671b2200349,2,2,1.0,1.0,2.0,2.0,2,2,2,1.0,1.0,1,0.010076582,0.9899234
514,5f3ba61f3fd5b671b2200b15,5f3ba61e3fd5b671b220035c,2,2,0.6363636363636364,0.0,0.0,0.0,2,2,2,2.0,0.0,0,0.99812496,0.0018750447
515,5f3ba61e3fd5b671b220080a,5f3ba61e3fd5b671b2200294,2,2,0.4666666666666667,1.0,2.0,2.0,2,2,2,2.0,1.0,1,0.00055748224,0.9994425
516,5f3ba61e3fd5b671b2200892,5f3ba61e3fd5b671b2200244,2,2,0.7878787878787878,1.0,2.0,1.0,2,2,2,1.0,1.0,1,0.010076582,0.9899234
517,5f3ba61e3fd5b671b22008d6,5f3ba61e3fd5b671b22002cd,2,2,1.0,1.0,2.0,0.8924731182795698,2,2,2,2.0,1.0,1,0.011775613,0.9882244
518,5f3ba61f3fd5b671b2200afd,5f3ba61e3fd5b671b22002cd,2,2,0.6486486486486487,1.0,2.0,0.8924731182795698,2,2,2,2.0,1.0,1,0.011775613,0.9882244
519,5f3ba61e3fd5b671b2200934,5f3ba61e3fd5b671b22002cd,2,2,0.6486486486486487,1.0,2.0,0.8924731182795698,2,2,2,2.0,1.0,1,0.011775613,0.9882244
520,5f3ba61e3fd5b671b22008d7,5f3ba61e3fd5b671b2200298,2,2,0.7058823529411765,1.0,0.0,1.0,2,2,2,0.1176470588235294,1.0,1,0.010076582,0.9899234
521,5f3ba61e3fd5b671b22008d7,5f3ba61e3fd5b671b2200324,2,2,0.7058823529411765,1.0,1.0,1.0,2,2,2,0.1176470588235294,1.0,1,0.010076582,0.9899234
522,5f3ba61f3fd5b671b2200968,5f3ba61e3fd5b671b22002c7,2,2,0.4736842105263157,0.2,2.0,2.0,2,2,2,2.0,0.0,0,0.9290794,0.07092062
523,5f3ba61f3fd5b671b22009b1,5f3ba61e3fd5b671b220036c,2,2,0.6031746031746031,1.0,0.0,0.0,2,2,2,2.0,1.0,1,0.011775613,0.9882244
524,5f3ba61f3fd5b671b22009b1,5f3ba61e3fd5b671b220038f,2,2,0.6031746031746031,1.0,0.0,0.0,2,2,2,2.0,1.0,1,0.011775613,0.9882244
525,5f3ba61f3fd5b671b2200a53,5f3ba61e3fd5b671b220039c,2,2,0.6538461538461539,0.2,2.0,2.0,2,2,2,2.0,0.0,0,0.9972549,0.0027450898
526,5f3ba61f3fd5b671b2200a9e,5f3ba61e3fd5b671b2200379,2,2,0.6521739130434783,1.0,2.0,0.0,2,2,2,1.0,1.0,1,0.010076582,0.9899234
527,5f3ba61f3fd5b671b2200acc,5f3ba61e3fd5b671b220029c,2,2,0.9583333333333334,1.0,1.0,0.0,2,2,2,1.0,1.0,1,0.010076582,0.9899234
528,5f3ba61e3fd5b671b220080b,5f3ba61e3fd5b671b22003a5,2,2,1.0,1.0,2.0,0.0,2,2,2,1.0,1.0,1,0.010076582,0.9899234
529,5f3ba61e3fd5b671b22008d0,5f3ba61e3fd5b671b220031c,2,2,0.5,0.0,2.0,2.0,2,2,2,1.0,0.0,0,0.9605879,0.0394121
530,5f3ba61e3fd5b671b22008d0,5f3ba61e3fd5b671b220025c,2,2,0.631578947368421,0.0,2.0,2.0,2,2,2,1.0,0.0,0,0.99793035,0.0020696593
531,5f3ba61e3fd5b671b22008d0,5f3ba61e3fd5b671b220039e,2,2,1.0,1.0,2.0,1.0,2,2,2,1.0,1.0,1,0.010076582,0.9899234
532,5f3ba61e3fd5b671b22008d0,5f3ba61e3fd5b671b22002b1,2,2,1.0,1.0,2.0,1.0,2,2,2,1.0,1.0,1,0.010076582,0.9899234
533,5f3ba61e3fd5b671b22008e0,5f3ba61e3fd5b671b2200265,2,2,0.6808510638297872,1.0,2.0,1.0,2,2,2,1.0,1.0,1,0.010076582,0.9899234
534,5f3ba61f3fd5b671b2200a45,5f3ba61e3fd5b671b2200343,2,2,0.6551724137931034,1.0,0.0,0.0,2,2,2,2.0,1.0,1,0.011775613,0.9882244
535,5f3ba61f3fd5b671b2200a7c,5f3ba61e3fd5b671b220033d,2,2,0.6666666666666666,1.0,2.0,2.0,2,2,2,2.0,1.0,1,0.011775613,0.9882244
536,5f3ba61f3fd5b671b2200a7c,5f3ba61e3fd5b671b220034c,2,2,0.6666666666666666,1.0,2.0,2.0,2,2,2,2.0,1.0,1,0.011775613,0.9882244
537,5f3ba61f3fd5b671b2200a8c,5f3ba61e3fd5b671b2200300,2,2,0.8181818181818182,0.1428571428571428,2.0,2.0,2,2,2,0.1,0.0,0,0.99286693,0.0071330466
538,5f3ba61f3fd5b671b2200a8c,5f3ba61e3fd5b671b2200285,2,2,0.8181818181818182,0.1428571428571428,2.0,2.0,2,2,2,0.1,0.0,0,0.99286693,0.0071330466
539,5f3ba61e3fd5b671b2200861,5f3ba61e3fd5b671b2200300,2,2,0.8181818181818182,0.1428571428571428,2.0,2.0,2,2,2,0.1,0.0,0,0.99286693,0.0071330466
540,5f3ba61e3fd5b671b2200861,5f3ba61e3fd5b671b2200285,2,2,0.8181818181818182,0.1428571428571428,2.0,2.0,2,2,2,0.1,0.0,0,0.99286693,0.0071330466
541,5f3ba61f3fd5b671b2200af1,5f3ba61e3fd5b671b2200363,2,2,0.6521739130434783,1.0,2.0,1.0,2,2,2,1.0,1.0,1,0.010076582,0.9899234
542,5f3ba61f3fd5b671b2200b1a,5f3ba61e3fd5b671b2200363,2,2,0.6521739130434783,1.0,2.0,1.0,2,2,2,1.0,1.0,1,0.010076582,0.9899234
543,5f3ba61f3fd5b671b2200b10,5f3ba61e3fd5b671b220037b,2,2,1.0,1.0,2.0,2.0,2,2,2,2.0,1.0,1,0.011775613,0.9882244
544,5f3ba61e3fd5b671b22008a5,5f3ba61e3fd5b671b220037b,2,2,1.0,1.0,2.0,2.0,2,2,2,2.0,1.0,1,0.011775613,0.9882244
545,5f3ba61e3fd5b671b22008e4,5f3ba61e3fd5b671b2200247,2,2,0.75,1.0,2.0,2.0,2,2,2,2.0,1.0,1,0.011775613,0.9882244
546,5f3ba61e3fd5b671b22008e4,5f3ba61e3fd5b671b2200361,2,2,0.5084745762711864,1.0,2.0,2.0,2,2,2,2.0,1.0,1,0.0033272505,0.99667275
547,5f3ba61f3fd5b671b2200961,5f3ba61e3fd5b671b2200263,2,2,0.8333333333333334,1.0,2.0,2.0,2,2,2,2.0,1.0,1,0.011775613,0.9882244
548,5f3ba61f3fd5b671b2200961,5f3ba61e3fd5b671b22002ec,2,2,0.8333333333333334,1.0,2.0,2.0,2,2,2,2.0,1.0,1,0.011775613,0.9882244
549,5f3ba61f3fd5b671b2200978,5f3ba61e3fd5b671b2200263,2,2,0.8333333333333334,1.0,2.0,2.0,2,2,2,2.0,1.0,1,0.011775613,0.9882244
550,5f3ba61f3fd5b671b2200978,5f3ba61e3fd5b671b22002ec,2,2,0.8333333333333334,1.0,2.0,2.0,2,2,2,2.0,1.0,1,0.011775613,0.9882244
551,5f3ba61f3fd5b671b2200ae8,5f3ba61e3fd5b671b2200263,2,2,0.4375,0.0,2.0,2.0,2,2,2,2.0,0.0,0,0.98525643,0.014743554
552,5f3ba61f3fd5b671b2200ae8,5f3ba61e3fd5b671b22002ec,2,2,0.4375,0.0,2.0,2.0,2,2,2,2.0,0.0,0,0.98525643,0.014743554
553,5f3ba61f3fd5b671b22009bd,5f3ba61e3fd5b671b220024c,2,2,1.0,1.0,2.0,1.0,2,2,2,1.0,1.0,1,0.010076582,0.9899234
554,5f3ba61f3fd5b671b2200a2c,5f3ba61e3fd5b671b2200357,2,2,0.7659574468085106,0.25,0.0,0.0,2,2,2,2.0,0.0,0,0.99610114,0.0038988707
555,5f3ba61f3fd5b671b2200b16,5f3ba61e3fd5b671b2200346,2,2,1.0,1.0,2.0,1.0,2,2,2,1.0,1.0,1,0.010076582,0.9899234
556,5f3ba61f3fd5b671b22009e9,5f3ba61e3fd5b671b2200346,2,2,1.0,1.0,2.0,1.0,2,2,2,1.0,1.0,1,0.010076582,0.9899234
557,5f3ba61e3fd5b671b220081b,5f3ba61e3fd5b671b2200256,2,2,0.7037037037037037,1.0,2.0,1.0,2,2,2,1.0,1.0,1,0.010076582,0.9899234
558,5f3ba61e3fd5b671b220086c,5f3ba61e3fd5b671b2200287,2,2,0.5454545454545454,1.0,2.0,0.0,2,2,2,2.0,1.0,1,0.011775613,0.9882244
559,5f3ba61f3fd5b671b220096d,5f3ba61e3fd5b671b2200395,2,2,0.5964912280701754,0.3,1.0,0.0,2,2,2,1.0,0.0,0,0.99504787,0.004952157
560,5f3ba61f3fd5b671b2200abe,5f3ba61e3fd5b671b220032d,2,2,0.6923076923076923,1.0,1.0,0.0,2,2,2,1.0,1.0,1,0.010076582,0.9899234
